Code,ObjectClass,ObjectClass_C,Attribute_1,Attribute_2,Acronym,Attribute_A,Attribute_B,Attribute_C,Class,Primitives
1,Administration area (Named),行政区域,JRSDTN;,,ADMARE,JRSDTN;NATION;NOBJNM;OBJNAM;,INFORM;NINFOM;NTXTDS;PICREP;SCAMAX;SCAMIN;TXTDSC;,RECDAT;RECIND;SORDAT;SORIND;,G,Area;
2,Airport / airfield,机场/机场,,,AIRARE,CATAIR;CONDTN;CONVIS;NOBJNM;OBJNAM;STATUS;,INFORM;NINFOM;NTXTDS;PICREP;SCAMAX;SCAMIN;TXTDSC;,RECDAT;RECIND;SORDAT;SORIND;,G,Point;Area;
3,Anchor berth,锚泊泊位,,,ACHBRT,CATACH;DATEND;DATSTA;NOBJNM;OBJNAM;PEREND;PERSTA;RADIUS;STATUS;,INFORM;NINFOM;NTXTDS;SCAMAX;SCAMIN;TXTDSC;,RECDAT;RECIND;SORDAT;SORIND;,G,Point;Area;
4,Anchorage area,锚地,,,ACHARE,CATACH;DATEND;DATSTA;NOBJNM;OBJNAM;PEREND;PERSTA;RESTRN;STATUS;,INFORM;NINFOM;NTXTDS;SCAMAX;SCAMIN;TXTDSC;,RECDAT;RECIND;SORDAT;SORIND;,G,Point;Area;
5,"Beacon, cardinal",灯塔,BCNSHP;CATCAM;COLOUR;,,BCNCAR,BCNSHP;CATCAM;COLOUR;COLPAT;CONDTN;CONVIS;CONRAD;DATEND;DATSTA;ELEVAT;HEIGHT;MARSYS;NATCON;NOBJNM;OBJNAM;PEREND;PERSTA;STATUS;VERACC;VERDAT;VERLEN;,INFORM;NINFOM;NTXTDS;PICREP;SCAMAX;SCAMIN;TXTDSC;,RECDAT;RECIND;SORDAT;SORIND;,G,Point;
6,"Beacon, isolated danger",信号灯,BCNSHP;COLOUR;,,BCNISD,BCNSHP;COLOUR;COLPAT;CONDTN;CONRAD;CONVIS;DATEND;DATSTA;ELEVAT;HEIGHT;MARSYS;NATCON;NOBJNM;OBJNAM;PEREND;PERSTA;STATUS;VERACC;VERDAT;VERLEN;,INFORM;NINFOM;NTXTDS;PICREP;SCAMAX;SCAMIN;TXTDSC;,RECDAT;RECIND;SORDAT;SORIND;,G,Point;
7,"Beacon, lateral",横向信标,BCNSHP;CATLAM;COLOUR;,,BCNLAT,BCNSHP;CATLAM;COLOUR;COLPAT;CONDTN;CONRAD;CONVIS;DATEND;DATSTA;ELEVAT;HEIGHT;MARSYS;NATCON;NOBJNM;OBJNAM;PEREND;PERSTA;STATUS;VERACC;VERDAT;VERLEN;,INFORM;NINFOM;NTXTDS;PICREP;SCAMAX;SCAMIN;TXTDSC;,RECDAT;RECIND;SORDAT;SORIND;,G,Point;
8,"Beacon, safe water",信标，安全水域,BCNSHP;COLOUR;,,BCNSAW,BCNSHP;COLOUR;COLPAT;CONDTN;CONRAD;CONVIS;DATEND;DATSTA;ELEVAT;HEIGHT;MARSYS;NATCON;NOBJNM;OBJNAM;PEREND;PERSTA;STATUS;VERACC;VERDAT;VERLEN;,INFORM;NINFOM;NTXTDS;PICREP;SCAMAX;SCAMIN;TXTDSC;,RECDAT;RECIND;SORDAT;SORIND;,G,Point;
9,"Beacon, special purpose/general",信标，专用/通用,BCNSHP;CATSPM;COLOUR;,,BCNSPP,BCNSHP;CATSPM;COLOUR;COLPAT;CONDTN;CONRAD;CONVIS;DATEND;DATSTA;ELEVAT;HEIGHT;MARSYS;NATCON;NOBJNM;OBJNAM;PEREND;PERSTA;STATUS;VERACC;VERDAT;VERLEN;,INFORM;NINFOM;NTXTDS;PICREP;SCAMAX;SCAMIN;TXTDSC;,RECDAT;RECIND;SORDAT;SORIND;,G,Point;
10,Berth,泊位,OBJNAM;,,BERTHS,DATEND;DATSTA;DRVAL1;NOBJNM;OBJNAM;PEREND;PERSTA;QUASOU;SOUACC;STATUS;VERDAT;,INFORM;NINFOM;NTXTDS;PICREP;SCAMAX;SCAMIN;TXTDSC;,RECDAT;RECIND;SORDAT;SORIND;,G,Point;Line;Area;
11,Bridge,桥,,,BRIDGE,CATBRG;COLOUR;COLPAT;CONDTN;CONRAD;CONVIS;DATEND;DATSTA;HORACC;HORCLR;NATCON;NOBJNM;OBJNAM;VERACC;VERCCL;VERCLR;VERCOP;VERDAT;,INFORM;NINFOM;NTXTDS;PICREP;SCAMAX;SCAMIN;TXTDSC;,RECDAT;RECIND;SORDAT;SORIND;,G,Point;Line;Area;
12,"Building, single",建筑，单人,,,BUISGL,BUISHP;COLOUR;COLPAT;CONDTN;CONRAD;CONVIS;ELEVAT;FUNCTN;HEIGHT;NATCON;NOBJNM;OBJNAM;STATUS;VERACC;VERDAT;VERLEN;,INFORM;NINFOM;NTXTDS;PICREP;SCAMAX;SCAMIN;TXTDSC;,RECDAT;RECIND;SORDAT;SORIND;,G,Point;Area;
13,Built-up area,建成区,,,BUAARE,CATBUA;CONDTN;CONRAD;CONVIS;HEIGHT;NOBJNM;OBJNAM;VERACC;VERDAT;,INFORM;NINFOM;NTXTDS;SCAMAX;SCAMIN;TXTDSC;,RECDAT;RECIND;SORDAT;SORIND;,G,Point;Area;
14,"Buoy, cardinal",浮标，枢机,BOYSHP;CATCAM;COLOUR;,,BOYCAR,BOYSHP;CATCAM;COLOUR;COLPAT;CONRAD;DATEND;DATSTA;MARSYS;NATCON;NOBJNM;OBJNAM;PEREND;PERSTA;STATUS;VERACC;VERLEN;,INFORM;NINFOM;NTXTDS;PICREP;SCAMAX;SCAMIN;TXTDSC;,RECDAT;RECIND;SORDAT;SORIND;,G,Point;
15,"Buoy, installation",浮标，安装,BOYSHP;COLOUR;,,BOYINB,BOYSHP;CATINB;COLOUR;COLPAT;CONRAD;DATEND;DATSTA;MARSYS;NATCON;NOBJNM;OBJNAM;PEREND;PERSTA;PRODCT;STATUS;VERACC;VERLEN;,INFORM;NINFOM;NTXTDS;PICREP;SCAMAX;SCAMIN;TXTDSC;,RECDAT;RECIND;SORDAT;SORIND;,G,Point;
16,"Buoy, isolated danger",浮标，孤立危险,BOYSHP;COLOUR;,,BOYISD,BOYSHP;COLOUR;COLPAT;CONRAD;DATEND;DATSTA;MARSYS;NATCON;NOBJNM;OBJNAM;PEREND;PERSTA;STATUS;VERACC;VERLEN;,INFORM;NINFOM;NTXTDS;PICREP;SCAMAX;SCAMIN;TXTDSC;,RECDAT;RECIND;SORDAT;SORIND;,G,Point;
17,"Buoy, lateral",横向浮标,BOYSHP;CATLAM;COLOUR;,,BOYLAT,BOYSHP;CATLAM;COLOUR;COLPAT;CONRAD;DATEND;DATSTA;MARSYS;NATCON;NOBJNM;OBJNAM;PEREND;PERSTA;STATUS;VERACC;VERLEN;,INFORM;NINFOM;NTXTDS;PICREP;SCAMAX;SCAMIN;TXTDSC;,RECDAT;RECIND;SORDAT;SORIND;,G,Point;
18,"Buoy, safe water",浮标，安全水域,BOYSHP;COLOUR;,,BOYSAW,BOYSHP;COLOUR;COLPAT;CONRAD;DATEND;DATSTA;MARSYS;NATCON;NOBJNM;OBJNAM;PEREND;PERSTA;STATUS;VERACC;VERLEN;,INFORM;NINFOM;NTXTDS;PICREP;SCAMAX;SCAMIN;TXTDSC;,RECDAT;RECIND;SORDAT;SORIND;,G,Point;
19,"Buoy, special purpose/general",浮标，专用/通用,BOYSHP;CATSPM;COLOUR;,,BOYSPP,BOYSHP;CATSPM;COLOUR;COLPAT;CONRAD;DATEND;DATSTA;MARSYS;NATCON;NOBJNM;OBJNAM;PEREND;PERSTA;STATUS;VERACC;VERLEN;,INFORM;NINFOM;NTXTDS;PICREP;SCAMAX;SCAMIN;TXTDSC;,RECDAT;RECIND;SORDAT;SORIND;,G,Point;
20,Cable area,待翻译,,,CBLARE,CATCBL;DATEND;DATSTA;NOBJNM;OBJNAM;RESTRN;STATUS;,INFORM;NINFOM;NTXTDS;SCAMAX;SCAMIN;TXTDSC;,RECDAT;RECIND;SORDAT;SORIND;,G,Area;
21,"Cable, overhead",待翻译,,,CBLOHD,CATCBL;CONDTN;CONRAD;CONVIS;DATEND;DATSTA;ICEFAC;NOBJNM;OBJNAM;STATUS;VERACC;VERCLR;VERCSA;VERDAT;,INFORM;NINFOM;NTXTDS;SCAMAX;SCAMIN;TXTDSC;,RECDAT;RECIND;SORDAT;SORIND;,G,Line;
22,"Cable, submarine",待翻译,,,CBLSUB,BURDEP;CATCBL;CONDTN;DATEND;DATSTA;NOBJNM;OBJNAM;STATUS;VERDAT;,INFORM;NINFOM;NTXTDS;SCAMAX;SCAMIN;TXTDSC;,RECDAT;RECIND;SORDAT;SORIND;,G,Line;
23,Canal,待翻译,,,CANALS,CATCAN;CONDTN;DATEND;DATSTA;HORACC;HORCLR;HORWID;NOBJNM;OBJNAM;STATUS;,INFORM;NINFOM;NTXTDS;SCAMAX;SCAMIN;TXTDSC;,RECDAT;RECIND;SORDAT;SORIND;,G,Line;Area;
24,Canal bank,待翻译,,,CANBNK,CONDTN;DATEND;DATSTA;NOBJNM;OBJNAM;,INFORM;NINFOM;NTXTDS;SCAMAX;SCAMIN;TXTDSC;,RECDAT;RECIND;SORDAT;SORIND;,G,Line;Area;
25,Cargo transshipment area,待翻译,,,CTSARE,DATEND;DATSTA;NOBJNM;OBJNAM;PEREND;PERSTA;STATUS;,INFORM;NINFOM;NTXTDS;PICREP;SCAMAX;SCAMIN;TXTDSC;,RECDAT;RECIND;SORDAT;SORIND;,G,Point;Area;
26,Causeway,待翻译,,,CAUSWY,CONDTN;NATCON;NOBJNM;OBJNAM;STATUS;WATLEV;,INFORM;NINFOM;NTXTDS;SCAMAX;SCAMIN;TXTDSC;,RECDAT;RECIND;SORDAT;SORIND;,G,Line;Area;
27,Caution area,待翻译,,INFORM;TXTDSC;,CTNARE,DATEND;DATSTA;PEREND;PERSTA;,INFORM;NINFOM;NTXTDS;SCAMAX;SCAMIN;TXTDSC;,RECDAT;RECIND;SORDAT;SORIND;,G,Point;Area;
28,Checkpoint,待翻译,,,CHKPNT,CATCHP;NOBJNM;OBJNAM;STATUS;,INFORM;NINFOM;NTXTDS;SCAMAX;SCAMIN;TXTDSC;,RECDAT;RECIND;SORDAT;SORIND;,G,Point;Area;
29,Coastguard station,待翻译,,,CGUSTA,DATEND;DATSTA;NOBJNM;OBJNAM;PEREND;PERSTA;STATUS;,INFORM;NINFOM;NTXTDS;SCAMAX;SCAMIN;TXTDSC;,RECDAT;RECIND;SORDAT;SORIND;,G,Point;
30,Coastline,待翻译,,,COALNE,CATCOA;COLOUR;CONRAD;CONVIS;ELEVAT;NOBJNM;OBJNAM;VERACC;VERDAT;,INFORM;NINFOM;NTXTDS;PICREP;SCAMAX;SCAMIN;TXTDSC;,RECDAT;RECIND;SORDAT;SORIND;,G,Line;
31,Contiguous zone,待翻译,NATION;,,CONZNE,DATEND;DATSTA;NATION;STATUS;,INFORM;NINFOM;NTXTDS;SCAMAX;SCAMIN;TXTDSC;,RECDAT;RECIND;SORDAT;SORIND;,G,Area;
32,Continental shelf area,待翻译,NATION;,,COSARE,NATION;NOBJNM;OBJNAM;,INFORM;NINFOM;NTXTDS;SCAMAX;SCAMIN;TXTDSC;,RECDAT;RECIND;SORDAT;SORIND;,G,Area;
33,Control point,待翻译,,,CTRPNT,CATCTR;DATEND;DATSTA;ELEVAT;NOBJNM;OBJNAM;VERACC;VERDAT;,INFORM;NINFOM;NTXTDS;PICREP;SCAMAX;SCAMIN;TXTDSC;,RECDAT;RECIND;SORDAT;SORIND;,G,Point;
34,Conveyor,待翻译,,,CONVYR,CATCON;COLOUR;COLPAT;CONDTN;CONRAD;CONVIS;DATEND;DATSTA;HEIGHT;LIFCAP;NOBJNM;OBJNAM;PRODCT;STATUS;VERACC;VERCLR;VERDAT;VERLEN;,INFORM;NINFOM;NTXTDS;PICREP;SCAMAX;SCAMIN;TXTDSC;,RECDAT;RECIND;SORDAT;SORIND;,G,Line;Area;
35,Crane,待翻译,,,CRANES,CATCRN;COLOUR;COLPAT;CONDTN;CONRAD;CONVIS;HEIGHT;LIFCAP;NOBJNM;OBJNAM;ORIENT;RADIUS;STATUS;VERACC;VERCLR;VERDAT;VERLEN;,INFORM;NINFOM;NTXTDS;PICREP;SCAMAX;SCAMIN;TXTDSC;,RECDAT;RECIND;SORDAT;SORIND;,G,Point;Area;
36,Current - non - gravitational,待翻译,CURVEL;ORIENT;,,CURENT,CURVEL;DATEND;DATSTA;NOBJNM;OBJNAM;ORIENT;PEREND;PERSTA;,INFORM;NINFOM;SCAMAX;SCAMIN;,RECDAT;RECIND;SORDAT;SORIND;,G,Point;
37,Custom zone,待翻译,NATION;,,CUSZNE,NATION;,INFORM;NINFOM;NTXTDS;SCAMAX;SCAMIN;TXTDSC;,RECDAT;RECIND;SORDAT;SORIND;,G,Area;
38,Dam,待翻译,,,DAMCON,CATDAM;COLOUR;COLPAT;CONDTN;CONRAD;CONVIS;DATEND;DATSTA;HEIGHT;NATCON;NOBJNM;OBJNAM;VERACC;VERDAT;VERLEN;,INFORM;NINFOM;NTXTDS;SCAMAX;SCAMIN;TXTDSC;,RECDAT;RECIND;SORDAT;SORIND;,G,Point;Line;Area;
39,Daymark,待翻译,COLOUR;TOPSHP;,,DAYMAR,CATSPM;COLOUR;COLPAT;DATEND;DATSTA;ELEVAT;HEIGHT;NATCON;NOBJNM;OBJNAM;PEREND;PERSTA;STATUS;TOPSHP;VERACC;VERDAT;VERLEN;,INFORM;NINFOM;NTXTDS;SCAMAX;SCAMIN;TXTDSC;,RECDAT;RECIND;SORDAT;SORIND;,G,Point;
40,Deep water route centerline,待翻译,ORIENT;TRAFIC;CATTRK;,,DWRTCL,CATTRK;DATEND;DATSTA;DRVAL1;DRVAL2;NOBJNM;OBJNAM;ORIENT;QUASOU;SOUACC;STATUS;TECSOU;TRAFIC;VERDAT;,INFORM;NINFOM;NTXTDS;SCAMAX;SCAMIN;TXTDSC;,RECDAT;RECIND;SORDAT;SORIND;,G,Line;
41,Deep water route part,待翻译,ORIENT;TRAFIC;DRVAL1;,,DWRTPT,DATEND;DATSTA;DRVAL1;DRVAL2;NOBJNM;OBJNAM;ORIENT;QUASOU;SOUACC;STATUS;TECSOU;TRAFIC;VERDAT;RESTRN;,INFORM;NINFOM;NTXTDS;SCAMAX;SCAMIN;TXTDSC;,RECDAT;RECIND;SORDAT;SORIND;,G,Area;
42,Depth area,待翻译,DRVAL1;DRVAL2;,,DEPARE,DRVAL1;DRVAL2;QUASOU;SOUACC;VERDAT;,INFORM;NINFOM;NTXTDS;SCAMAX;SCAMIN;TXTDSC;,RECDAT;RECIND;SORDAT;SORIND;,G,Line;Area;
43,Depth contour,待翻译,VALDCO;,,DEPCNT,VALDCO;VERDAT;,INFORM;NINFOM;NTXTDS;SCAMAX;SCAMIN;TXTDSC;,RECDAT;RECIND;SORDAT;SORIND;,G,Line;
44,Distance mark,待翻译,,,DISMAR,CATDIS;DATEND;DATSTA;NOBJNM;OBJNAM;,INFORM;NINFOM;NTXTDS;SCAMAX;SCAMIN;TXTDSC;,RECDAT;RECIND;SORDAT;SORIND;,G,Point;
45,Dock area,待翻译,,,DOCARE,CATDOC;CONDTN;DATEND;DATSTA;HORACC;HORCLR;NOBJNM;OBJNAM;STATUS;,INFORM;NINFOM;NTXTDS;SCAMAX;SCAMIN;TXTDSC;,RECDAT;RECIND;SORDAT;SORIND;,G,Area;
46,Dredged area,待翻译,DRVAL1;,,DRGARE,DRVAL1;DRVAL2;NOBJNM;OBJNAM;QUASOU;RESTRN;SOUACC;TECSOU;VERDAT;,INFORM;NINFOM;NTXTDS;SCAMAX;SCAMIN;TXTDSC;,RECDAT;RECIND;SORDAT;SORIND;,G,Area;
47,Dry dock,待翻译,,,DRYDOC,CONDTN;HORACC;HORCLR;HORLEN;HORWID;NOBJNM;OBJNAM;STATUS;DRVAL1;QUASOU;SOUACC;VERDAT;,INFORM;NINFOM;SCAMAX;SCAMIN;,RECDAT;RECIND;SORDAT;SORIND;,G,Area;
48,Dumping ground,待翻译,,,DMPGRD,CATDPG;NOBJNM;OBJNAM;RESTRN;STATUS;,INFORM;NINFOM;NTXTDS;SCAMAX;SCAMIN;TXTDSC;,RECDAT;RECIND;SORDAT;SORIND;,G,Point;Area;
49,Dyke,待翻译,,,DYKCON,CONDTN;CONRAD;DATEND;DATSTA;HEIGHT;NATCON;VERACC;VERDAT;VERLEN;,INFORM;NINFOM;NTXTDS;SCAMAX;SCAMIN;TXTDSC;,RECDAT;RECIND;SORDAT;SORIND;,G,Line;Area;
50,Exclusive Economic Zone,待翻译,NATION;,,EXEZNE,NATION;,INFORM;NINFOM;NTXTDS;SCAMAX;SCAMIN;TXTDSC;,RECDAT;RECIND;SORDAT;SORIND;,G,Area;
51,Fairway,待翻译,,,FAIRWY,DATEND;DATSTA;DRVAL1;NOBJNM;OBJNAM;ORIENT;QUASOU;RESTRN;SOUACC;STATUS;TRAFIC;VERDAT;,INFORM;NINFOM;NTXTDS;SCAMAX;SCAMIN;TXTDSC;,RECDAT;RECIND;SORDAT;SORIND;,G,Area;
52,Fence/wall,待翻译,,,FNCLNE,CATFNC;COLOUR;COLPAT;CONDTN;CONRAD;CONVIS;ELEVAT;HEIGHT;NATCON;NOBJNM;OBJNAM;STATUS;VERACC;VERDAT;VERLEN;,INFORM;NINFOM;NTXTDS;PICREP;SCAMAX;SCAMIN;TXTDSC;,RECDAT;RECIND;SORDAT;SORIND;,G,Line;
53,Ferry route,待翻译,CATFRY;,,FERYRT,CATFRY;DATEND;DATSTA;NOBJNM;OBJNAM;PEREND;PERSTA;STATUS;,INFORM;NINFOM;NTXTDS;SCAMAX;SCAMIN;TXTDSC;,RECDAT;RECIND;SORDAT;SORIND;,G,Line;Area;
54,Fishery zone,待翻译,NATION;,,FSHZNE,NATION;NOBJNM;OBJNAM;STATUS;,INFORM;NINFOM;NTXTDS;SCAMAX;SCAMIN;TXTDSC;,RECDAT;RECIND;SORDAT;SORIND;,G,Area;
55,Fishing facility,待翻译,,,FSHFAC,CATFIF;NOBJNM;OBJNAM;PEREND;PERSTA;STATUS;VERACC;VERLEN;,INFORM;NINFOM;NTXTDS;SCAMAX;SCAMIN;TXTDSC;,RECDAT;RECIND;SORDAT;SORIND;,G,Point;Line;Area;
56,Fishing ground,待翻译,,,FSHGRD,NOBJNM;OBJNAM;PEREND;PERSTA;STATUS;,INFORM;NINFOM;NTXTDS;SCAMAX;SCAMIN;TXTDSC;,RECDAT;RECIND;SORDAT;SORIND;,G,Area;
57,Floating dock,待翻译,,,FLODOC,COLOUR;COLPAT;CONDTN;CONRAD;CONVIS;DATEND;DATSTA;DRVAL1;HORACC;HORCLR;HORLEN;HORWID;LIFCAP;NOBJNM;OBJNAM;STATUS;VERACC;VERLEN;VERDAT;,INFORM;NINFOM;NTXTDS;PICREP;SCAMAX;SCAMIN;TXTDSC;,RECDAT;RECIND;SORDAT;SORIND;,G,Line;Area;
58,Fog signal,待翻译,CATFOG;,,FOGSIG,CATFOG;DATEND;DATSTA;NOBJNM;OBJNAM;SIGFRQ;SIGGEN;SIGGRP;SIGPER;SIGSEQ;STATUS;VALMXR;,INFORM;NINFOM;NTXTDS;SCAMAX;SCAMIN;TXTDSC;,RECDAT;RECIND;SORDAT;SORIND;,G,Point;
59,Fortified structure,待翻译,,,FORSTC,CATFOR;CONDTN;CONRAD;CONVIS;HEIGHT;NATCON;NOBJNM;OBJNAM;VERACC;VERDAT;VERLEN;,INFORM;NINFOM;NTXTDS;PICREP;SCAMAX;SCAMIN;TXTDSC;,RECDAT;RECIND;SORDAT;SORIND;,G,Point;Line;Area;
60,Free port area,待翻译,,,FRPARE,NOBJNM;OBJNAM;STATUS;,INFORM;NINFOM;NTXTDS;SCAMAX;SCAMIN;TXTDSC;,RECDAT;RECIND;SORDAT;SORIND;,G,Area;
61,Gate,待翻译,,,GATCON,CATGAT;CONDTN;DRVAL1;HORACC;HORCLR;NATCON;NOBJNM;OBJNAM;QUASOU;SOUACC;STATUS;VERACC;VERCLR;VERDAT;,INFORM;NINFOM;NTXTDS;SCAMAX;SCAMIN;TXTDSC;,RECDAT;RECIND;SORDAT;SORIND;,G,Point;Line;Area;
62,Gridiron,待翻译,,,GRIDRN,HORACC;HORLEN;HORWID;NATCON;NOBJNM;OBJNAM;STATUS;VERACC;VERLEN;WATLEV;,INFORM;NINFOM;NTXTDS;SCAMAX;SCAMIN;TXTDSC;,RECDAT;RECIND;SORDAT;SORIND;,G,Point;Area;
63,Harbour area (administrative),待翻译,,,HRBARE,NOBJNM;OBJNAM;STATUS;,INFORM;NINFOM;NTXTDS;SCAMAX;SCAMIN;TXTDSC;,RECDAT;RECIND;SORDAT;SORIND;,G,Area;
64,Harbour facility,待翻译,CATHAF;,,HRBFAC,CATHAF;CONDTN;DATEND;DATSTA;NATCON;NOBJNM;OBJNAM;PEREND;PERSTA;STATUS;,INFORM;NINFOM;NTXTDS;SCAMAX;SCAMIN;TXTDSC;,RECDAT;RECIND;SORDAT;SORIND;,G,Point;Area;
65,Hulk,待翻译,,,HULKES,CATHLK;COLOUR;COLPAT;CONRAD;CONVIS;HORACC;HORLEN;HORWID;NOBJNM;OBJNAM;VERACC;VERLEN;CONDTN;,INFORM;NINFOM;NTXTDS;PICREP;SCAMAX;SCAMIN;TXTDSC;,RECDAT;RECIND;SORDAT;SORIND;,G,Point;Area;
66,Ice area,待翻译,CATICE;,,ICEARE,CATICE;CONVIS;ELEVAT;HEIGHT;NOBJNM;OBJNAM;PEREND;PERSTA;STATUS;VERACC;VERDAT;VERLEN;,INFORM;NINFOM;NTXTDS;SCAMAX;SCAMIN;TXTDSC;,RECDAT;RECIND;SORDAT;SORIND;,G,Area;
67,Incineration area,待翻译,,,ICNARE,NOBJNM;OBJNAM;PEREND;PERSTA;RESTRN;STATUS;,INFORM;NINFOM;NTXTDS;SCAMAX;SCAMIN;TXTDSC;,RECDAT;RECIND;SORDAT;SORIND;,G,Point;Area;
68,Inshore traffic zone,待翻译,,,ISTZNE,CATTSS;DATEND;DATSTA;RESTRN;STATUS;,INFORM;NINFOM;NTXTDS;SCAMAX;SCAMIN;TXTDSC;,RECDAT;RECIND;SORDAT;SORIND;,G,Area;
69,Lake,待翻译,,,LAKARE,ELEVAT;NOBJNM;OBJNAM;VERACC;VERDAT;,INFORM;NINFOM;NTXTDS;SCAMAX;SCAMIN;TXTDSC;,RECDAT;RECIND;SORDAT;SORIND;,G,Area;
70,Lake shore,待翻译,,,LAKSHR,NOBJNM;OBJNAM;,INFORM;NINFOM;NTXTDS;SCAMAX;SCAMIN;TXTDSC;,RECDAT;RECIND;SORDAT;SORIND;,G,Line;Area;
71,Land area,待翻译,,,LNDARE,CONDTN;NOBJNM;OBJNAM;STATUS;,INFORM;NINFOM;NTXTDS;SCAMAX;SCAMIN;TXTDSC;,RECDAT;RECIND;SORDAT;SORIND;,G,Point;Line;Area;
72,Land elevation,待翻译,ELEVAT;,,LNDELV,CONVIS;ELEVAT;NOBJNM;OBJNAM;VERACC;VERDAT;,INFORM;NINFOM;NTXTDS;SCAMAX;SCAMIN;TXTDSC;,RECDAT;RECIND;SORDAT;SORIND;,G,Point;Line;
73,Land region,待翻译,,CATLND;OBJNAM;,LNDRGN,CATLND;NATQUA;NATSUR;NOBJNM;OBJNAM;WATLEV;,INFORM;NINFOM;NTXTDS;SCAMAX;SCAMIN;TXTDSC;,RECDAT;RECIND;SORDAT;SORIND;,G,Point;Area;
74,Landmark,待翻译,CATLMK;CONVIS;,,LNDMRK,CATLMK;COLOUR;COLPAT;CONDTN;CONRAD;CONVIS;ELEVAT;FUNCTN;HEIGHT;NATCON;NOBJNM;OBJNAM;STATUS;VERACC;VERDAT;VERLEN;,INFORM;NINFOM;NTXTDS;SCAMAX;SCAMIN;TXTDSC;,RECDAT;RECIND;SORDAT;SORIND;,G,Point;Line;Area;
75,Light,待翻译,,,LIGHTS,CATLIT;COLOUR;DATEND;DATSTA;EXCLIT;HEIGHT;LITCHR;LITVIS;MARSYS;MLTYLT;NOBJNM;OBJNAM;ORIENT;PEREND;PERSTA;SECTR1;SECTR2;SIGGRP;SIGPER;SIGSEQ;STATUS;VERACC;VALNMR;VERDAT;,INFORM;NINFOM;NTXTDS;SCAMAX;SCAMIN;TXTDSC;,RECDAT;RECIND;SORDAT;SORIND;,G,Point;
76,Light float,待翻译,COLOUR;,,LITFLT,COLOUR;COLPAT;CONRAD;CONVIS;DATEND;DATSTA;HORACC;HORLEN;HORWID;MARSYS;NATCON;NOBJNM;OBJNAM;PEREND;PERSTA;STATUS;VERACC;VERLEN;,INFORM;NINFOM;NTXTDS;PICREP;SCAMAX;SCAMIN;TXTDSC;,RECDAT;RECIND;SORDAT;SORIND;,G,Point;
77,Light vessel,待翻译,COLOUR;,,LITVES,COLOUR;COLPAT;CONRAD;CONVIS;DATEND;DATSTA;HORACC;HORLEN;HORWID;NATCON;NOBJNM;OBJNAM;PEREND;PERSTA;STATUS;VERACC;VERLEN;,INFORM;NINFOM;NTXTDS;SCAMAX;SCAMIN;TXTDSC;,RECDAT;RECIND;SORDAT;SORIND;,G,Point;
78,Local magnetic anomaly,待翻译,VALLMA;,,LOCMAG,NOBJNM;OBJNAM;VALLMA;,INFORM;NINFOM;NTXTDS;SCAMAX;SCAMIN;TXTDSC;,RECDAT;RECIND;SORDAT;SORIND;,G,Point;Line;Area;
79,Lock basin,待翻译,,,LOKBSN,DATEND;DATSTA;HORACC;HORCLR;HORLEN;HORWID;NOBJNM;OBJNAM;STATUS;,INFORM;NINFOM;NTXTDS;SCAMAX;SCAMIN;TXTDSC;,RECDAT;RECIND;SORDAT;SORIND;,G,Area;
80,Log pond,待翻译,,,LOGPON,NOBJNM;OBJNAM;STATUS;,INFORM;NINFOM;NTXTDS;SCAMAX;SCAMIN;TXTDSC;,RECDAT;RECIND;SORDAT;SORIND;,G,Point;Area;
81,Magnetic variation,待翻译,RYRMGV;VALACM;VALMAG;,,MAGVAR,DATEND;DATSTA;RYRMGV;VALACM;VALMAG;,INFORM;NINFOM;SCAMAX;SCAMIN;,RECDAT;RECIND;SORDAT;SORIND;,G,Point;Line;Area;
82,Marine farm/culture,待翻译,,,MARCUL,CATMFA;DATEND;DATSTA;EXPSOU;NOBJNM;OBJNAM;PEREND;PERSTA;QUASOU;RESTRN;SOUACC;STATUS;VALSOU;VERACC;VERDAT;VERLEN;WATLEV;,INFORM;NINFOM;NTXTDS;SCAMAX;SCAMIN;TXTDSC;,RECDAT;RECIND;SORDAT;SORIND;,G,Point;Line;Area;
83,Military practice area,待翻译,,,MIPARE,CATMPA;DATEND;DATSTA;NOBJNM;OBJNAM;PEREND;PERSTA;RESTRN;STATUS;,INFORM;NINFOM;NTXTDS;SCAMAX;SCAMIN;TXTDSC;,RECDAT;RECIND;SORDAT;SORIND;,G,Point;Area;
84,Mooring/warping facility,待翻译,CATMOR;,,MORFAC,BOYSHP;CATMOR;COLOUR;COLPAT;CONDTN;CONRAD;CONVIS;DATEND;DATSTA;HEIGHT;NATCON;NOBJNM;OBJNAM;PEREND;PERSTA;STATUS;VERACC;VERDAT;VERLEN;WATLEV;,INFORM;NINFOM;NTXTDS;PICREP;SCAMAX;SCAMIN;TXTDSC;,RECDAT;RECIND;SORDAT;SORIND;,G,Point;Line;Area;
85,Navigation line,待翻译,CATNAV;ORIENT;,,NAVLNE,CATNAV;DATEND;DATSTA;ORIENT;PEREND;PERSTA;STATUS;,INFORM;NINFOM;NTXTDS;SCAMAX;SCAMIN;TXTDSC;,RECDAT;RECIND;SORDAT;SORIND;,G,Line;
86,Obstruction,待翻译,VALSOU;WATLEV;,,OBSTRN,CATOBS;CONDTN;EXPSOU;HEIGHT;NATCON;NATQUA;NOBJNM;OBJNAM;PRODCT;QUASOU;SOUACC;STATUS;TECSOU;VALSOU;VERACC;VERDAT;VERLEN;WATLEV;NATSUR;,INFORM;NINFOM;NTXTDS;SCAMAX;SCAMIN;TXTDSC;,RECDAT;RECIND;SORDAT;SORIND;,G,Point;Line;Area;
87,Offshore platform,待翻译,,,OFSPLF,CATOFP;COLOUR;COLPAT;CONDTN;CONRAD;CONVIS;DATEND;DATSTA;HEIGHT;NATCON;NOBJNM;OBJNAM;PRODCT;STATUS;VERACC;VERDAT;VERLEN;,INFORM;NINFOM;NTXTDS;PICREP;SCAMAX;SCAMIN;TXTDSC;,RECDAT;RECIND;SORDAT;SORIND;,G,Point;Area;
88,Offshore production area,待翻译,,,OSPARE,CATPRA;CONDTN;CONRAD;CONVIS;DATEND;DATSTA;HEIGHT;NOBJNM;OBJNAM;PRODCT;RESTRN;STATUS;VERACC;VERLEN;,INFORM;NINFOM;NTXTDS;SCAMAX;SCAMIN;TXTDSC;,RECDAT;RECIND;SORDAT;SORIND;,G,Area;
89,Oil barrier,待翻译,,,OILBAR,CATOLB;CONDTN;DATEND;DATSTA;NOBJNM;OBJNAM;STATUS;,INFORM;NINFOM;NTXTDS;SCAMAX;SCAMIN;TXTDSC;,RECDAT;RECIND;SORDAT;SORIND;,G,Line;
90,Pile,待翻译,,,PILPNT,CATPLE;COLOUR;COLPAT;CONDTN;CONVIS;DATEND;DATSTA;HEIGHT;NOBJNM;OBJNAM;VERACC;VERDAT;VERLEN;,INFORM;NINFOM;NTXTDS;SCAMAX;SCAMIN;TXTDSC;,RECDAT;RECIND;SORDAT;SORIND;,G,Point;
91,Pilot boarding place,待翻译,,,PILBOP,CATPIL;COMCHA;DATEND;DATSTA;NOBJNM;NPLDST;OBJNAM;PEREND;PERSTA;PILDST;STATUS;,INFORM;NINFOM;NTXTDS;SCAMAX;SCAMIN;TXTDSC;,RECDAT;RECIND;SORDAT;SORIND;,G,Point;Area;
92,Pipeline area,待翻译,,,PIPARE,CONDTN;DATEND;DATSTA;NOBJNM;OBJNAM;PRODCT;RESTRN;STATUS;CATPIP;,INFORM;NINFOM;NTXTDS;SCAMAX;SCAMIN;TXTDSC;,RECDAT;RECIND;SORDAT;SORIND;,G,Point;Area;
93,"Pipeline, overhead",待翻译,,,PIPOHD,CATPIP;CONDTN;CONRAD;CONVIS;DATEND;DATSTA;NOBJNM;OBJNAM;PRODCT;STATUS;VERACC;VERCLR;VERDAT;,INFORM;NINFOM;NTXTDS;SCAMAX;SCAMIN;TXTDSC;,RECDAT;RECIND;SORDAT;SORIND;,G,Line;
94,"Pipeline, submarine/on land",待翻译,,,PIPSOL,BURDEP;CATPIP;CONDTN;DATEND;DATSTA;DRVAL1;DRVAL2;NOBJNM;OBJNAM;PRODCT;STATUS;VERACC;VERLEN;VERDAT;,INFORM;NINFOM;NTXTDS;SCAMAX;SCAMIN;TXTDSC;,RECDAT;RECIND;SORDAT;SORIND;,G,Point;Line;
95,Pontoon,待翻译,,,PONTON,CONDTN;CONRAD;CONVIS;DATEND;DATSTA;NATCON;NOBJNM;OBJNAM;PEREND;PERSTA;STATUS;VERACC;VERLEN;,INFORM;NINFOM;NTXTDS;SCAMAX;SCAMIN;TXTDSC;,RECDAT;RECIND;SORDAT;SORIND;,G,Line;Area;
96,Precautionary area,待翻译,,INFORM;TXTDSC;,PRCARE,DATEND;DATSTA;RESTRN;STATUS;,INFORM;NINFOM;NTXTDS;SCAMAX;SCAMIN;TXTDSC;,RECDAT;RECIND;SORDAT;SORIND;,G,Point;Area;
97,Production / storage area,待翻译,CATPRA;,,PRDARE,CATPRA;CONDTN;CONRAD;CONVIS;DATEND;DATSTA;ELEVAT;HEIGHT;NOBJNM;OBJNAM;PRODCT;STATUS;VERACC;VERDAT;VERLEN;,INFORM;NINFOM;NTXTDS;PICREP;SCAMAX;SCAMIN;TXTDSC;,RECDAT;RECIND;SORDAT;SORIND;,G,Point;Area;
98,Pylon/bridge support,待翻译,CATPYL;,,PYLONS,CATPYL;COLOUR;COLPAT;CONDTN;CONRAD;CONVIS;DATEND;DATSTA;HEIGHT;NATCON;NOBJNM;OBJNAM;VERACC;VERDAT;VERLEN;WATLEV;,INFORM;NINFOM;NTXTDS;PICREP;SCAMAX;SCAMIN;TXTDSC;,RECDAT;RECIND;SORDAT;SORIND;,G,Point;Area;
99,Radar line,待翻译,ORIENT;,,RADLNE,NOBJNM;OBJNAM;ORIENT;STATUS;,INFORM;NINFOM;NTXTDS;SCAMAX;SCAMIN;TXTDSC;,RECDAT;RECIND;SORDAT;SORIND;,G,Line;
100,Radar range,待翻译,,,RADRNG,COMCHA;DATEND;DATSTA;NOBJNM;OBJNAM;STATUS;,INFORM;NINFOM;NTXTDS;SCAMAX;SCAMIN;TXTDSC;,RECDAT;RECIND;SORDAT;SORIND;,G,Area;
101,Radar reflector,待翻译,,,RADRFL,HEIGHT;STATUS;VERACC;VERDAT;,INFORM;NINFOM;NTXTDS;SCAMAX;SCAMIN;TXTDSC;,RECDAT;RECIND;SORDAT;SORIND;,G,Point;
102,Radar station,待翻译,,,RADSTA,CATRAS;DATEND;DATSTA;HEIGHT;NOBJNM;OBJNAM;STATUS;VERACC;VALMXR;VERDAT;,INFORM;NINFOM;NTXTDS;SCAMAX;SCAMIN;TXTDSC;,RECDAT;RECIND;SORDAT;SORIND;,G,Point;
103,Radar transponder beacon,待翻译,CATRTB;,,RTPBCN,CATRTB;DATEND;DATSTA;NOBJNM;OBJNAM;RADWAL;SECTR1;SECTR2;SIGGRP;SIGSEQ;STATUS;VALMXR;,INFORM;NINFOM;NTXTDS;SCAMAX;SCAMIN;TXTDSC;,RECDAT;RECIND;SORDAT;SORIND;,G,Point;
104,Radio calling-in point,待翻译,,,RDOCAL,COMCHA;DATEND;DATSTA;NOBJNM;OBJNAM;ORIENT;PEREND;PERSTA;STATUS;TRAFIC;,INFORM;NINFOM;NTXTDS;SCAMAX;SCAMIN;TXTDSC;,RECDAT;RECIND;SORDAT;SORIND;,G,Point;Line;
105,Radio station,待翻译,,,RDOSTA,CALSGN;CATROS;COMCHA;DATEND;DATSTA;ESTRNG;NOBJNM;OBJNAM;ORIENT;PEREND;PERSTA;SIGFRQ;STATUS;,INFORM;NINFOM;NTXTDS;SCAMAX;SCAMIN;TXTDSC;,RECDAT;RECIND;SORDAT;SORIND;,G,Point;
106,Railway,待翻译,,,RAILWY,CONDTN;HEIGHT;NOBJNM;OBJNAM;STATUS;VERACC;,INFORM;NINFOM;NTXTDS;SCAMAX;SCAMIN;TXTDSC;,RECDAT;RECIND;SORDAT;SORIND;,G,Line;
107,Rapids,待翻译,,,RAPIDS,NOBJNM;OBJNAM;VERACC;VERLEN;,INFORM;NINFOM;NTXTDS;SCAMAX;SCAMIN;TXTDSC;,RECDAT;RECIND;SORDAT;SORIND;,G,Point;Line;Area;
108,Recommended route centerline,待翻译,CATTRK;,,RCRTCL,CATTRK;DATEND;DATSTA;DRVAL1;DRVAL2;NOBJNM;OBJNAM;ORIENT;PEREND;PERSTA;QUASOU;SOUACC;STATUS;TECSOU;TRAFIC;VERDAT;,INFORM;NINFOM;NTXTDS;SCAMAX;SCAMIN;TXTDSC;,RECDAT;RECIND;SORDAT;SORIND;,G,Line;
109,Recommended track,待翻译,ORIENT;TRAFIC;CATTRK;,,RECTRC,CATTRK;DATEND;DATSTA;DRVAL1;DRVAL2;NOBJNM;OBJNAM;ORIENT;PEREND;PERSTA;QUASOU;SOUACC;STATUS;TECSOU;TRAFIC;VERDAT;,INFORM;NINFOM;NTXTDS;SCAMAX;SCAMIN;TXTDSC;,RECDAT;RECIND;SORDAT;SORIND;,G,Line;Area;
110,Recommended Traffic Lane Part,待翻译,ORIENT;,,RCTLPT,DATEND;DATSTA;ORIENT;STATUS;,INFORM;NINFOM;NTXTDS;SCAMAX;SCAMIN;TXTDSC;,RECDAT;RECIND;SORDAT;SORIND;,G,Point;Area;
111,Rescue station,待翻译,,,RSCSTA,CATRSC;DATEND;DATSTA;NOBJNM;OBJNAM;PEREND;PERSTA;STATUS;,INFORM;NINFOM;SCAMAX;SCAMIN;,RECDAT;RECIND;SORDAT;SORIND;,G,Point;
112,Restricted area,待翻译,,CATREA;RESTRN;,RESARE,CATREA;DATEND;DATSTA;NOBJNM;OBJNAM;PEREND;PERSTA;RESTRN;STATUS;,INFORM;NINFOM;NTXTDS;SCAMAX;SCAMIN;TXTDSC;,RECDAT;RECIND;SORDAT;SORIND;,G,Area;
113,Retro-reflector,待翻译,,,RETRFL,COLOUR;COLPAT;HEIGHT;MARSYS;STATUS;VERACC;VERDAT;,INFORM;NINFOM;NTXTDS;SCAMAX;SCAMIN;TXTDSC;,RECDAT;RECIND;SORDAT;SORIND;,G,Point;
114,River,待翻译,,,RIVERS,NOBJNM;OBJNAM;STATUS;,INFORM;NINFOM;NTXTDS;SCAMAX;SCAMIN;TXTDSC;,RECDAT;RECIND;SORDAT;SORIND;,G,Line;Area;
115,River bank,待翻译,,,RIVBNK,NOBJNM;OBJNAM;,INFORM;NINFOM;NTXTDS;SCAMAX;SCAMIN;TXTDSC;,RECDAT;RECIND;SORDAT;SORIND;,G,Line;Area;
116,Road,待翻译,,,ROADWY,CATROD;CONDTN;NATCON;NOBJNM;OBJNAM;STATUS;,INFORM;NINFOM;NTXTDS;SCAMAX;SCAMIN;TXTDSC;,RECDAT;RECIND;SORDAT;SORIND;,G,Point;Line;Area;
117,Runway,待翻译,,,RUNWAY,CATRUN;CONDTN;CONVIS;NATCON;NOBJNM;OBJNAM;PEREND;PERSTA;STATUS;,INFORM;NINFOM;NTXTDS;SCAMAX;SCAMIN;TXTDSC;,RECDAT;RECIND;SORDAT;SORIND;,G,Point;Line;Area;
118,Sand waves,待翻译,,,SNDWAV,VERACC;VERLEN;,INFORM;NINFOM;NTXTDS;SCAMAX;SCAMIN;TXTDSC;,RECDAT;RECIND;SORDAT;SORIND;,G,Point;Line;Area;
119,Sea area / named water area,待翻译,,CATSEA;OBJNAM;,SEAARE,CATSEA;NOBJNM;OBJNAM;,INFORM;NINFOM;NTXTDS;SCAMAX;SCAMIN;TXTDSC;,RECDAT;RECIND;SORDAT;SORIND;,G,Point;Area;
120,Sea-plane landing area,待翻译,,,SPLARE,NOBJNM;OBJNAM;PEREND;PERSTA;RESTRN;STATUS;,INFORM;NINFOM;NTXTDS;SCAMAX;SCAMIN;TXTDSC;VALDCO;,RECDAT;RECIND;SORDAT;SORIND;,G,Point;Area;
121,Seabed area,待翻译,,NATSUR;NATQUA;,SBDARE,COLOUR;NATQUA;NATSUR;WATLEV;OBJNAM;NOBJNM;,INFORM;NINFOM;NTXTDS;SCAMAX;SCAMIN;TXTDSC;,RECDAT;RECIND;SORDAT;SORIND;,G,Point;Line;Area;
122,Shoreline Construction,待翻译,,,SLCONS,CATSLC;COLOUR;COLPAT;CONDTN;CONRAD;CONVIS;DATEND;DATSTA;HEIGHT;HORACC;HORCLR;HORLEN;HORWID;NATCON;NOBJNM;OBJNAM;STATUS;VERACC;VERDAT;VERLEN;WATLEV;,INFORM;NINFOM;NTXTDS;SCAMAX;SCAMIN;TXTDSC;,RECDAT;RECIND;SORDAT;SORIND;,G,Point;Line;Area;
123,"Signal station, traffic",待翻译,CATSIT;,,SISTAT,CATSIT;COMCHA;DATEND;DATSTA;NOBJNM;OBJNAM;PEREND;PERSTA;STATUS;,INFORM;NINFOM;NTXTDS;SCAMAX;SCAMIN;TXTDSC;,RECDAT;RECIND;SORDAT;SORIND;,G,Point;
124,"Signal station, warning",待翻译,CATSIW;,,SISTAW,CATSIW;COMCHA;DATEND;DATSTA;NOBJNM;OBJNAM;PEREND;PERSTA;STATUS;,INFORM;NINFOM;NTXTDS;SCAMAX;SCAMIN;TXTDSC;,RECDAT;RECIND;SORDAT;SORIND;,G,Point;
125,Silo / tank,待翻译,,,SILTNK,BUISHP;CATSIL;COLOUR;COLPAT;CONDTN;CONRAD;CONVIS;ELEVAT;HEIGHT;NATCON;NOBJNM;OBJNAM;PRODCT;STATUS;VERACC;VERDAT;VERLEN;,INFORM;NINFOM;NTXTDS;PICREP;SCAMAX;SCAMIN;TXTDSC;,RECDAT;RECIND;SORDAT;SORIND;,G,Point;Area;
126,Slope topline,待翻译,,,SLOTOP,CATSLO;COLOUR;CONRAD;CONVIS;ELEVAT;NATCON;NATQUA;NATSUR;NOBJNM;OBJNAM;VERACC;VERDAT;,INFORM;NINFOM;NTXTDS;SCAMAX;SCAMIN;TXTDSC;,RECDAT;RECIND;SORDAT;SORIND;,G,Line;
127,Sloping ground,待翻译,,,SLOGRD,CATSLO;COLOUR;CONRAD;CONVIS;NATCON;NATQUA;NATSUR;NOBJNM;OBJNAM;,INFORM;NINFOM;NTXTDS;SCAMAX;SCAMIN;TXTDSC;,RECDAT;RECIND;SORDAT;SORIND;,G,Point;Area;
128,Small craft facility,待翻译,CATSCF;,,SMCFAC,CATSCF;NOBJNM;OBJNAM;PEREND;PERSTA;STATUS;,INFORM;NINFOM;NTXTDS;SCAMAX;SCAMIN;TXTDSC;,RECDAT;RECIND;SORDAT;SORIND;,G,Point;Area;
129,Sounding,待翻译,,,SOUNDG,EXPSOU;NOBJNM;OBJNAM;QUASOU;SOUACC;TECSOU;VERDAT;STATUS;,INFORM;NINFOM;NTXTDS;SCAMAX;SCAMIN;TXTDSC;,RECDAT;RECIND;SORDAT;SORIND;,G,Point;
130,Spring,待翻译,,,SPRING,NOBJNM;OBJNAM;,INFORM;NINFOM;NTXTDS;SCAMAX;SCAMIN;TXTDSC;,RECDAT;RECIND;SORDAT;SORIND;,G,Point;
131,Square,待翻译,,,SQUARE,CONDTN;NATCON;NOBJNM;OBJNAM;STATUS;,INFORM;NINFOM;NTXTDS;SCAMAX;SCAMIN;TXTDSC;,RECDAT;RECIND;SORDAT;SORIND;,G,Point;Line;Area;
132,Straight territorial sea baseline,待翻译,NATION;,,STSLNE,NATION;,INFORM;NINFOM;NTXTDS;SCAMAX;SCAMIN;TXTDSC;,RECDAT;RECIND;SORDAT;SORIND;,G,Line;
133,Submarine transit lane,待翻译,,,SUBTLN,NOBJNM;OBJNAM;RESTRN;,INFORM;NINFOM;NTXTDS;SCAMAX;SCAMIN;TXTDSC;,RECDAT;RECIND;SORDAT;SORIND;,G,Area;
134,Swept Area,待翻译,DRVAL1;,,SWPARE,DRVAL1;QUASOU;SOUACC;TECSOU;VERDAT;,INFORM;NINFOM;NTXTDS;SCAMAX;SCAMIN;TXTDSC;,RECDAT;RECIND;SORDAT;SORIND;,G,Area;
135,Territorial sea area,待翻译,NATION;,,TESARE,NATION;RESTRN;,INFORM;NINFOM;NTXTDS;SCAMAX;SCAMIN;TXTDSC;,RECDAT;RECIND;SORDAT;SORIND;,G,Area;
136,Tidal stream - harmonic prediction,待翻译,T_MTOD;T_VAHC;,,TS_PRH,NOBJNM;OBJNAM;T_MTOD;T_VAHC;STATUS;,INFORM;NINFOM;NTXTDS;SCAMAX;SCAMIN;TXTDSC;,RECDAT;RECIND;SORDAT;SORIND;,G,Point;Area;
137,Tidal stream - non-harmonic prediction,待翻译,T_MTOD;T_THDF;,,TS_PNH,NOBJNM;OBJNAM;T_MTOD;T_THDF;STATUS;,INFORM;NINFOM;NTXTDS;SCAMAX;SCAMIN;TXTDSC;,RECDAT;RECIND;SORDAT;SORIND;,G,Point;Area;
138,Tidal stream panel data,待翻译,TS_TSP;,,TS_PAD,NOBJNM;OBJNAM;TS_TSP;,INFORM;NINFOM;NTXTDS;SCAMAX;SCAMIN;TXTDSC;,RECDAT;RECIND;SORDAT;SORIND;,G,Point;Area;
139,Tidal stream - time series,待翻译,TIMEND;TIMSTA;TS_TSV;T_TINT;,,TS_TIS,NOBJNM;OBJNAM;STATUS;TIMEND;TIMSTA;T_TINT;TS_TSV;,INFORM;NINFOM;NTXTDS;SCAMAX;SCAMIN;TXTDSC;,RECDAT;RECIND;SORDAT;SORIND;,G,Point;Area;
140,Tide - harmonic prediction,待翻译,T_MTOD;T_VAHC;,,T_HMON,NOBJNM;OBJNAM;T_ACWL;T_MTOD;T_VAHC;STATUS;,INFORM;NINFOM;NTXTDS;SCAMAX;SCAMIN;TXTDSC;,RECDAT;RECIND;SORDAT;SORIND;,G,Point;Area;
141,Tide - non-harmonic prediction,待翻译,T_MTOD;T_THDF;,,T_NHMN,NOBJNM;OBJNAM;T_ACWL;T_MTOD;T_THDF;STATUS;,INFORM;NINFOM;NTXTDS;SCAMAX;SCAMIN;TXTDSC;,RECDAT;RECIND;SORDAT;SORIND;,G,Point;Area;
142,Tidal stream - time series,待翻译,TIMEND;TIMSTA;T_HWLW;,,T_TIMS,NOBJNM;OBJNAM;T_HWLW;T_TINT;T_TSVL;TIMEND;TIMSTA;STATUS;T_ACWL;,INFORM;NINFOM;NTXTDS;SCAMAX;SCAMIN;TXTDSC;,RECDAT;RECIND;SORDAT;SORIND;,G,Point;Area;
143,Tideway,待翻译,,,TIDEWY,NOBJNM;OBJNAM;,INFORM;NINFOM;NTXTDS;SCAMAX;SCAMIN;TXTDSC;,RECDAT;RECIND;SORDAT;SORIND;,G,Line;Area;
144,Top mark,待翻译,TOPSHP;,,TOPMAR,COLOUR;COLPAT;HEIGHT;MARSYS;STATUS;TOPSHP;VERACC;VERDAT;VERLEN;,INFORM;NINFOM;NTXTDS;PICREP;SCAMAX;SCAMIN;TXTDSC;,RECDAT;RECIND;SORDAT;SORIND;,G,Point;
145,Traffic Separation Line,待翻译,,,TSELNE,CATTSS;DATEND;DATSTA;STATUS;,INFORM;NINFOM;NTXTDS;SCAMAX;SCAMIN;TXTDSC;,RECDAT;RECIND;SORDAT;SORIND;,G,Line;
146,Traffic Separation Scheme  Boundary,待翻译,,,TSSBND,CATTSS;DATEND;DATSTA;STATUS;,INFORM;NINFOM;NTXTDS;SCAMAX;SCAMIN;TXTDSC;,RECDAT;RECIND;SORDAT;SORIND;,G,Line;
147,Traffic Separation Scheme Crossing,待翻译,,,TSSCRS,CATTSS;DATEND;DATSTA;RESTRN;STATUS;,INFORM;NINFOM;NTXTDS;SCAMAX;SCAMIN;TXTDSC;,RECDAT;RECIND;SORDAT;SORIND;,G,Area;
148,Traffic Separation Scheme  Lane part,待翻译,,,TSSLPT,CATTSS;DATEND;DATSTA;ORIENT;RESTRN;STATUS;,INFORM;NINFOM;NTXTDS;SCAMAX;SCAMIN;TXTDSC;,RECDAT;RECIND;SORDAT;SORIND;,G,Area;
149,Traffic Separation Scheme  Roundabout,待翻译,,,TSSRON,CATTSS;DATEND;DATSTA;RESTRN;STATUS;,INFORM;NINFOM;NTXTDS;SCAMAX;SCAMIN;TXTDSC;,RECDAT;RECIND;SORDAT;SORIND;,G,Area;
150,Traffic Separation Zone,待翻译,,,TSEZNE,CATTSS;DATEND;DATSTA;STATUS;,INFORM;NINFOM;NTXTDS;SCAMAX;SCAMIN;TXTDSC;,RECDAT;RECIND;SORDAT;SORIND;,G,Area;
151,Tunnel,待翻译,,,TUNNEL,BURDEP;CONDTN;HORACC;HORCLR;NOBJNM;OBJNAM;STATUS;VERACC;VERCLR;,INFORM;NINFOM;NTXTDS;PICREP;SCAMAX;SCAMIN;TXTDSC;,RECDAT;RECIND;SORDAT;SORIND;,G,Point;Line;Area;
152,Two-way route  part,待翻译,ORIENT;TRAFIC;,,TWRTPT,CATTRK;DATEND;DATSTA;DRVAL1;DRVAL2;ORIENT;QUASOU;SOUACC;STATUS;TECSOU;TRAFIC;VERDAT;,INFORM;NINFOM;NTXTDS;SCAMAX;SCAMIN;TXTDSC;,RECDAT;RECIND;SORDAT;SORIND;,G,Area;
153,Underwater rock / awash rock,待翻译,VALSOU;WATLEV;,,UWTROC,EXPSOU;NATSUR;NATQUA;NOBJNM;OBJNAM;QUASOU;SOUACC;STATUS;TECSOU;VALSOU;VERDAT;WATLEV;,INFORM;NINFOM;NTXTDS;SCAMAX;SCAMIN;TXTDSC;,RECDAT;RECIND;SORDAT;SORIND;,G,Point;
154,Unsurveyed area,待翻译,,,UNSARE,,INFORM;NINFOM;NTXTDS;SCAMAX;SCAMIN;TXTDSC;,RECDAT;RECIND;SORDAT;SORIND;,G,Area;
155,Vegetation,待翻译,CATVEG;,,VEGATN,CATVEG;CONVIS;ELEVAT;HEIGHT;NOBJNM;OBJNAM;VERACC;VERDAT;VERLEN;,INFORM;NINFOM;NTXTDS;SCAMAX;SCAMIN;TXTDSC;,RECDAT;RECIND;SORDAT;SORIND;,G,Point;Line;Area;
156,Water turbulence,待翻译,CATWAT;,,WATTUR,CATWAT;NOBJNM;OBJNAM;,INFORM;NINFOM;NTXTDS;SCAMAX;SCAMIN;TXTDSC;,RECDAT;RECIND;SORDAT;SORIND;,G,Point;Line;Area;
157,Waterfall,待翻译,,,WATFAL,CONVIS;NOBJNM;OBJNAM;VERACC;VERLEN;,INFORM;NINFOM;NTXTDS;SCAMAX;SCAMIN;TXTDSC;,RECDAT;RECIND;SORDAT;SORIND;,G,Point;Line;
158,Weed/Kelp,待翻译,,,WEDKLP,CATWED;NOBJNM;OBJNAM;,INFORM;NINFOM;NTXTDS;SCAMAX;SCAMIN;TXTDSC;,RECDAT;RECIND;SORDAT;SORIND;,G,Point;Area;
159,Wreck,待翻译,WATLEV;,CATWRK;VALSOU;,WRECKS,CATWRK;CONRAD;CONVIS;EXPSOU;HEIGHT;NOBJNM;OBJNAM;QUASOU;SOUACC;STATUS;TECSOU;VALSOU;VERACC;VERDAT;VERLEN;WATLEV;,INFORM;NINFOM;NTXTDS;SCAMAX;SCAMIN;TXTDSC;,RECDAT;RECIND;SORDAT;SORIND;,G,Point;Area;
160,Tidal stream - flood/ebb,待翻译,CAT_TS;CURVEL;ORIENT;,,TS_FEB,CAT_TS;CURVEL;DATEND;DATSTA;NOBJNM;OBJNAM;ORIENT;PEREND;PERSTA;,INFORM;NINFOM;NTXTDS;SCAMAX;SCAMIN;TXTDSC;,RECDAT;RECIND;SORDAT;SORIND;,G,Point;Area;
161,Archipelagic Sea Lane,待翻译,,,ARCSLN,DATEND;DATSTA;NATION;NOBJNM;OBJNAM;,INFORM;NINFOM;NTXTDS;PICREP;SCAMAX;SCAMIN;TXTDSC;,RECDAT;RECIND;SORDAT;SORIND;,G,Area;
162,Archipelagic Sea Lane Axis,待翻译,,,ASLXIS,DATEND;DATSTA;NATION;NOBJNM;OBJNAM;,INFORM;NINFOM;NTXTDS;PICREP;SCAMAX;SCAMIN;TXTDSC;,RECDAT;RECIND;SORDAT;SORIND;,G,Line;
163,New Object,待翻译,,,NEWOBJ,CLSDEF;CLSNAM;COLOUR;COLPAT;CONDTN;CONRAD;CONVIS;DATEND;DATSTA;NATION;NOBJNM;OBJNAM;PEREND;PERSTA;RESTRN;STATUS;WATLEV;,INFORM;NINFOM;NTXTDS;PICREP;SCAMAX;SCAMIN;SYMINS;TXTDSC;,RECDAT;RECIND;SORDAT;SORIND;,G,Point;Line;Area;
300,Accuracy of data,待翻译,,HORACC;VERACC;POSACC;SOUACC;,M_ACCY,HORACC;POSACC;SOUACC;VERACC;,INFORM;NINFOM;NTXTDS;TXTDSC;,RECDAT;RECIND;SORDAT;SORIND;,M,Area;
301,Compilation scale of data,待翻译,CSCALE;,,M_CSCL,CSCALE;,INFORM;NINFOM;NTXTDS;TXTDSC;,RECDAT;RECIND;SORDAT;SORIND;,M,Area;
302,Coverage,待翻译,CATCOV;,,M_COVR,CATCOV;,INFORM;NINFOM;,RECDAT;RECIND;SORDAT;SORIND;,M,Area;
303,Horizontal datum of data,待翻译,,,M_HDAT,HORDAT;,INFORM;NINFOM;NTXTDS;TXTDSC;,RECDAT;RECIND;SORDAT;SORIND;,M,Area;
304,Horizontal datum shift parameters,待翻译,HORDAT;SHIPAM;,,M_HOPA,HORDAT;SHIPAM;,INFORM;NINFOM;NTXTDS;SCAMAX;SCAMIN;TXTDSC;,RECDAT;RECIND;SORDAT;SORIND;,M,Area;
305,Nautical publication information,待翻译,,,M_NPUB,,INFORM;NINFOM;NTXTDS;PICREP;PUBREF;TXTDSC;,RECDAT;RECIND;SORDAT;SORIND;,M,Area;
306,Navigational system of marks,待翻译,,MARSYS;ORIENT;,M_NSYS,MARSYS;ORIENT;,INFORM;NINFOM;NTXTDS;SCAMAX;SCAMIN;TXTDSC;,RECDAT;RECIND;SORDAT;SORIND;,M,Area;
307,Production information,待翻译,,,M_PROD,AGENCY;CPDATE;NATION;NMDATE;PRCTRY;,INFORM;NINFOM;NTXTDS;TXTDSC;,RECDAT;RECIND;SORDAT;SORIND;,M,Area;
308,Quality of data,待翻译,CATZOC;,,M_QUAL,CATQUA;CATZOC;DRVAL1;DRVAL2;POSACC;SOUACC;SUREND;SURSTA;TECSOU;VERDAT;,INFORM;NINFOM;NTXTDS;TXTDSC;,RECDAT;RECIND;SORDAT;SORIND;,M,Area;
309,Sounding datum,待翻译,VERDAT;,,M_SDAT,VERDAT;,INFORM;NINFOM;NTXTDS;TXTDSC;,RECDAT;RECIND;SORDAT;SORIND;,M,Area;
310,Survey reliability,待翻译,,,M_SREL,QUAPOS;QUASOU;SCVAL1;SCVAL2;SDISMN;SDISMX;SURATH;SUREND;SURSTA;SURTYP;TECSOU;,INFORM;NINFOM;NTXTDS;TXTDSC;,RECDAT;RECIND;SORDAT;SORIND;,M,Area;
311,Units of measurement of data,待翻译,,,M_UNIT,DUNITS;HUNITS;PUNITS;,INFORM;NINFOM;NTXTDS;TXTDSC;,RECDAT;RECIND;SORDAT;SORIND;,M,Area;
312,Vertical datum of data,待翻译,VERDAT;,,M_VDAT,VERDAT;,INFORM;NINFOM;NTXTDS;TXTDSC;,RECDAT;RECIND;SORDAT;SORIND;,M,Area;
400,Aggregation,待翻译,,,C_AGGR,NOBJNM;OBJNAM;,INFORM;NINFOM;NTXTDS;PICREP;SCAMAX;SCAMIN;TXTDSC;,RECDAT;RECIND;SORDAT;SORIND;,C,Point;Line;Area;
401,Association,待翻译,,,C_ASSO,NOBJNM;OBJNAM;,INFORM;NINFOM;NTXTDS;PICREP;SCAMAX;SCAMIN;TXTDSC;,RECDAT;RECIND;SORDAT;SORIND;,C,Point;Line;Area;
402,Stacked on/stacked under,待翻译,,,C_STAC,,INFORM;NINFOM;NTXTDS;PICREP;SCAMAX;SCAMIN;TXTDSC;,RECDAT;RECIND;SORDAT;SORIND;,C,Point;Line;Area;
500,Cartographic area,待翻译,,,$AREAS,COLOUR;ORIENT;$SCODE;$TINTS;,INFORM;NINFOM;NTXTDS;PICREP;SCAMAX;SCAMIN;TXTDSC;,RECDAT;RECIND;SORDAT;SORIND;,$,Area;
501,Cartographic line,待翻译,,,$LINES,$SCODE;,INFORM;NINFOM;NTXTDS;PICREP;SCAMAX;SCAMIN;TXTDSC;,RECDAT;RECIND;SORDAT;SORIND;,$,Line;
502,Cartographic symbol,待翻译,,,$CSYMB,ORIENT;$SCALE;$SCODE;,INFORM;NINFOM;NTXTDS;PICREP;SCAMAX;SCAMIN;TXTDSC;,RECDAT;RECIND;SORDAT;SORIND;,$,Point;
503,Compass,待翻译,,,$COMPS,$CSIZE;RYRMGV;VALACM;VALMAG;,INFORM;NINFOM;NTXTDS;PICREP;SCAMAX;SCAMIN;TXTDSC;,RECDAT;RECIND;SORDAT;SORIND;,$,Point;Line;Area;
504,Text,待翻译,,,$TEXTS,$CHARS;COLOUR;$JUSTH;$JUSTV;$NTXST;$SPACE;$TXSTR;,INFORM;NINFOM;NTXTDS;PICREP;SCAMAX;SCAMIN;TXTDSC;,RECDAT;RECIND;SORDAT;SORIND;,$,Point;Line;Area;
624,Production installation,待翻译,,,PRDINS,AGENCY;CATPRI;CONDTN;CONRAD;CONVIS;CSCALE;elvacc;EXPSOU;HEIGHT;HORACC;NOBJNM;OBJNAM;PRCTRY;PRODCT;QUASOU;STATUS;TECSOU;VALSOU;VERDAT;WATLEV;VERACC;DUNITS;HUNITS;,INFORM;NINFOM;NTXTDS;PICREP;PUBREF;TXTDSC;SCAMAX;SCAMIN;,cpyrit;RECDAT;SORDAT;SORIND;seccvt;secido;secown;secpmk;,G,Point;Line;Area;
667,View Point,待翻译,,,VIEWPT,CATOFP;COLOUR;COLPAT;CONDTN;CONRAD;CONVIS;DATEND;DATSTA;HEIGHT;NATCON;NOBJNM;OBJNAM;PRODCT;STATUS;VALSOU;VERACC;VERDAT;VERLEN;,INFORM;NINFOM;NTXTDS;PICREP;SCAMAX;SCAMIN;TXTDSC;,RECDAT;RECIND;SORDAT;SORIND;,J,Point;
8193,Clearing line,待翻译,,,clrlin,catclr,SCAMIN,inptid,,Line;
8194,Cursor,待翻译,,,cursor,cursty,,,,Point;
8195,Danger highlight,待翻译,,,dnghlt,,SCAMIN,inptid,,Point;Area;
8196,Indication highlight,待翻译,,,indhlt,,SCAMIN,inptid,,Area;Line;Point;
8197,Event,待翻译,,,events,OBJNAM,SCAMIN;usrmrk,inptid;loctim,,Point;
8198,Leg line,待翻译,,,leglin,legchr;plnspd;select;,,inptid;,,Line;
8199,Mariners' feature,待翻译,,,marfea,OBJNAM,SCAMIN;usrmrk,inptid;RECDAT;loctim,,Area;Line;Point;
8200,Mariners' Note,待翻译,,,marnot,catnot,SCAMIN;usrmrk,inptid;RECDAT,,Point;
8201,Manufacturers' feature,待翻译,,,mnufea,OBJNAM,SCAMIN;usrmrk,RECDAT,,Area;Point;Line;
8202,Own ship,待翻译,,,ownshp,cogcrs;headng;sogspd;shpbrd;shplen;ctwcrs;stwspd;vecper;vecmrk;vecstb;,,,,Point;
8203,Past track,待翻译,,,pastrk,catpst;pfmeth,,RECDAT;loctim,,Line;
8205,Position,待翻译,,,positn,pfmeth,SCAMIN,inptid;loctim,,Point;
8207,Cursor reference point,待翻译,,,refpnt,,,,,Point;
8209,Tidal stream or current vector,待翻译,,,tidcur,catcur;curstr;ORIENT,SCAMIN,inptid;loctim,,Point;
8210,Vessel,待翻译,,,vessel,vestat;headng;,,,,Point;
8212,Waypoint,待翻译,,,waypnt,OBJNAM;rudang;select;trnrad;,usrmrk;,inptid;,,Point;
16520,Derrick platform,待翻译,,,J_PLFM,CATOFP;COLOUR;COLPAT;CONDTN;CONRAD;CONVIS;DATEND;DATSTA;HEIGHT;NATCON;NOBJNM;OBJNAM;PRODCT;STATUS;VALSOU;VERACC;VERDAT;VERLEN;,INFORM;NINFOM;NTXTDS;PICREP;SCAMAX;SCAMIN;TXTDSC;,RECDAT;RECIND;SORDAT;SORIND;,J,Point;
16522,Military Training Area,待翻译,,,J_PRAA,CATMPA;DATEND;DATSTA;NOBJNM;OBJNAM;PEREND;RESTRN;STATUS;,INFORM;NINFOM;NTXTDS;SCAMAX;SCAMIN;TXTDSC;,RECDAT;RECIND;SORDAT;SORIND;,J,Area;
17000,Anchor berth,待翻译,,,achbrt,SCAMIN;,catach;clsdng;restrn;STATUS;OBJNAM;NOBJNM;INFORM;NINFOM;PICREP;TXTDSC;DATSTA;DATEND;PERSTA;PEREND;,unlocd;SORDAT;SORIND;,G,Point;Area;
17001,Anchorage area,待翻译,,,achare,SCAMIN;,catach;clsdng;restrn;STATUS;OBJNAM;NOBJNM;INFORM;NINFOM;PICREP;TXTDSC;DATSTA;DATEND;PERSTA;PEREND;,unlocd;SORDAT;SORIND;,G,Point;Area;
17002,Canal bank,待翻译,,,canbnk,catbnk;CONRAD;DATEND;DATSTA;NATSUR;NOBJNM;OBJNAM;,INFORM;NINFOM;NTXTDS;PICREP;SCAMIN;TXTDSC;updmsg;,SORDAT;SORIND;,G,Line;
17003,Depth area,待翻译,,,depare,DRVAL1;DRVAL2;wtwdis;,DATSTA;DATEND;PERSTA;PEREND;,eleva1;eleva2;QUASOU;hunits;SORDAT;SORIND;,G,Area;
17004,distance mark,待翻译,,,dismar,CATDIS;hunits;wtwdis;SCAMIN;,OBJNAM;NOBJNM;INFORM;NINFOM;PICREP;TXTDSC;DATSTA;DATEND;PERSTA;PEREND;,unlocd;SORDAT;SORIND;,G,Point;
17005,Restricted area,待翻译,,,resare,restrn;SCAMIN;,CATREA;OBJNAM;NOBJNM;NINFOM;PICREP;DATSTA;DATEND;PERSTA;PEREND;,INFORM;TXTDSC;SORDAT;SORIND;,G,Area;
17006,River bank,待翻译,,,rivbnk,catbnk;CONRAD;NATSUR;NOBJNM;OBJNAM;,INFORM;NINFOM;NTXTDS;PICREP;SCAMIN;TXTDSC;updmsg;,SORDAT;SORIND;,G,Line;
17007,"Signal station, traffic",待翻译,,,sistat,catsit;SCAMIN;,dirimp;NOBJNM;INFORM;NINFOM;PICREP;TXTDSC;DATSTA;DATEND;PERSTA;PEREND;,OBJNAM;SORDAT;SORIND;,G,Point;
17008,"Signal station, warning",待翻译,,,sistaw,catsiw;SCAMIN;,OBJNAM;NOBJNM;INFORM;NINFOM;PICREP;DATSTA;DATEND;PERSTA;PEREND;,TXTDSC;SORDAT;SORIND;,G,Point;
17009,Top Mark,待翻译,,,topmar,COLOUR;COLPAT;HEIGHT;marsys;STATUS;TOPSHP;VERACC;verdat;VERLEN;,INFORM;NINFOM;NTXTDS;PICREP;SCAMIN;TXTDSC;updmsg;,SORDAT;SORIND;,G,Point;
17010,Berth,待翻译,,,berths,SCAMIN;,catbrt;clsdng;DRVAL1;STATUS;trshgd;OBJNAM;NOBJNM;INFORM;NINFOM;PICREP;TXTDSC;DATSTA;DATEND;PERSTA;PEREND;,QUASOU;SOUACC;unlocd;verdat;SORDAT;SORIND;,G,Point;Line;Area;
17011,Bridge,待翻译,,,bridge,CATBRG;wtwdis;SCAMIN;,HORCLR;OBJNAM;NOBJNM;NINFOM;PICREP;TXTDSC;DATSTA;DATEND;PERSTA;PEREND;,VERCCL;VERCLR;VERCOP;hunits;unlocd;verdat;INFORM;SORDAT;SORIND;,G,Area;
17012,"Cable, overhead",待翻译,,,cblohd,catcbl;VERCLR;SCAMIN;,verdat;wtwdis;OBJNAM;NOBJNM;INFORM;NINFOM;PICREP;TXTDSC;DATSTA;DATEND;PERSTA;PEREND;,hunits;SORDAT;SORIND;,G,Line;
17013,Ferry route,待翻译,,,feryrt,catfry;SCAMIN;,NOBJNM;OBJNAM;STATUS;INFORM;NINFOM;NTXTDS;PICREP;TXTDSC;DATSTA;DATEND;PERSTA;PEREND;,SORDAT;SORIND;,G,Line;
17014,Harbour area (administrative),待翻译,,,hrbare,SCAMIN;,cathbr;OBJNAM;NOBJNM;INFORM;NINFOM;PICREP;TXTDSC;DATSTA;DATEND;PERSTA;PEREND;,unlocd;SORDAT;SORIND;,G,Area;
17015,Harbour facility,待翻译,,,hrbfac,cathaf;SCAMIN;,OBJNAM;NOBJNM;INFORM;NINFOM;PICREP;TXTDSC;DATSTA;DATEND;PERSTA;PEREND;,SORDAT;SORIND;,G,Point;Area;
17016,Lock basin,待翻译,,,lokbsn,horcll;horclw;SCAMIN;,HORLEN;HORWID;OBJNAM;NOBJNM;INFORM;NINFOM;PICREP;TXTDSC;DATSTA;DATEND;PERSTA;PEREND;,unlocd;SORDAT;SORIND;,G,Area;
17017,Radio calling-in point,待翻译,ORIENT;TRAFIC;,,RDOCAL,COMCHA;ORIENT;TRAFIC;SCAMIN;,catcom;OBJNAM;NOBJNM;INFORM;NINFOM;PICREP;DATSTA;DATEND;PERSTA;PEREND;,TXTDSC;SORDAT;SORIND;,G,Point;Line;
17018,Navigational system of marks,待翻译,,,m_nsys,marsys;,,SORDAT;SORIND;,M,Area;
17019,"Current, non-gravitational",待翻译,,,curent,SCAMIN;,OBJNAM;NOBJNM;INFORM;NINFOM;PICREP;TXTDSC;DATSTA;DATEND;PERSTA;PEREND;,curvhw;curvlw;curvmw;curvow;dirimp;hignam;lownam;meanam;othnam;ORIENT;SORDAT;SORIND;,G,Point;Area;
17020,Hulk,待翻译,,,hulkes,SCAMIN;,cathlk;OBJNAM;NOBJNM;INFORM;NINFOM;PICREP;TXTDSC;DATSTA;DATEND;PERSTA;PEREND;,unlocd;SORDAT;SORIND;,G,Area;
17021,Pontoon,待翻译,,,ponton,SCAMIN;,OBJNAM;NOBJNM;INFORM;NINFOM;PICREP;TXTDSC;DATSTA;DATEND;PERSTA;PEREND;,unlocd;SORDAT;SORIND;,G,Area;
17022,Sounding datum,待翻译,,,m_sdat,verdat;,,SORDAT;SORIND;,M,Area;
17023,Vertical datum,待翻译,,,m_vdat,verdat;,INFORM;NINFOM;NTXTDS;TXTDSC;,SORDAT;SORIND;,M,Area;
17024,"Pipeline, overhead",待翻译,,,pipohd,CATPIP;PRODCT;VERCLR;SCAMIN;,verdat;wtwdis;OBJNAM;NOBJNM;INFORM;NINFOM;PICREP;TXTDSC;DATSTA;DATEND;PERSTA;PEREND;,hunits;SORDAT;SORIND;,G,Line;
17025,Floating dock,待翻译,,,flodoc,SCAMIN;,DRVAL1;HORCLR;HORLEN;horcll;horclw;HORWID;verdat;OBJNAM;NOBJNM;INFORM;NINFOM;PICREP;TXTDSC;DATSTA;DATEND;PERSTA;PEREND;,SORDAT;SORIND;,G,Area;
17027,Checkpoint,待翻译,,,chkpnt,catchp;NATION;SCAMIN;,OBJNAM;NOBJNM;INFORM;NINFOM;PICREP;TXTDSC;DATSTA;DATEND;PERSTA;PEREND;,unlocd;SORDAT;SORIND;,G,Point;Area;
17028,"Beacon, lateral",待翻译,,,bcnlat,BCNSHP;catlam;COLOUR;SCAMIN;,OBJNAM;NOBJNM;INFORM;NINFOM;PICREP;TXTDSC;DATSTA;DATEND;PERSTA;PEREND;,COLPAT;dirimp;SORDAT;SORIND;,G,Point;
17029,"Buoy, lateral",待翻译,,,boylat,BOYSHP;catlam;COLOUR;SCAMIN;,CONRAD;NOBJNM;INFORM;NINFOM;PICREP;TXTDSC;DATSTA;DATEND;PERSTA;PEREND;,COLPAT;marsys;OBJNAM;SORDAT;SORIND;,G,Point;
17030,Crane,待翻译,,,cranes,CATCRN;SCAMIN;,VERCLR;verdat;OBJNAM;NOBJNM;INFORM;NINFOM;PICREP;TXTDSC;DATSTA;DATEND;PERSTA;PEREND;,SORDAT;SORIND;,G,Point;Area;
17031,Gate,待翻译,,,gatcon,CATGAT;HORCLR;SCAMIN;,VERCLR;wtwdis;verdat;OBJNAM;NOBJNM;INFORM;NINFOM;PICREP;TXTDSC;DATSTA;DATEND;PERSTA;PEREND;,hunits;SORDAT;SORIND;,G,Line;Area;
17032,Shoreline Construction,待翻译,,,slcons,catslc;SCAMIN;,NATCON;OBJNAM;NOBJNM;INFORM;NINFOM;PICREP;TXTDSC;DATSTA;DATEND;PERSTA;PEREND;,watlev;SORDAT;SORIND;,G,Line;Area;
17033,Underwater rock / awash rock,待翻译,,,uwtroc,VALSOU;watlev;SCAMIN;,OBJNAM;NOBJNM;INFORM;NINFOM;PICREP;TXTDSC;DATSTA;DATEND;PERSTA;PEREND;,SORDAT;SORIND;,G,Point;
17034,Conveyor,待翻译,,,convyr,CATCON;SCAMIN;,PRODCT;VERCLR;verdat;OBJNAM;NOBJNM;INFORM;NINFOM;PICREP;TXTDSC;DATSTA;DATEND;PERSTA;PEREND;,SORDAT;SORIND;,G,Line;
17050,Notice mark,待翻译,,,notmrk,catnmk;fnctnm;SCAMIN;,addmrk;dirimp;disipd;disipu;disbk1;disbk2;marsys;STATUS;OBJNAM;NOBJNM;INFORM;NINFOM;PICREP;TXTDSC;DATSTA;DATEND;PERSTA;PEREND;,ORIENT;SORDAT;SORIND;,G,Point;
17051,waterway axis,待翻译,,,wtwaxs,OBJNAM;SCAMIN;,catccl;NOBJNM;INFORM;NINFOM;PICREP;TXTDSC;DATSTA;DATEND;PERSTA;PEREND;,SORDAT;SORIND;,G,Line;
17052,waterway profile,待翻译,,,wtwprf,wtwdis;SCAMIN;,OBJNAM;NOBJNM;INFORM;NINFOM;PICREP;TXTDSC;DATSTA;DATEND;PERSTA;PEREND;,hunits;HEIGHT;reflev;verdat;SORDAT;SORIND;,G,Line;
17053,Bridge area,待翻译,,,brgare,comctn;NOBJNM;OBJNAM;,INFORM;NINFOM;NTXTDS;PICREP;SCAMIN;TXTDSC;updmsg;,SORDAT;SORIND;,G,Area;
17054,Bunker station,待翻译,,,bunsta,bunves;SCAMIN;,catbun;OBJNAM;OBJNAM;NOBJNM;INFORM;NINFOM;PICREP;TXTDSC;DATSTA;DATEND;PERSTA;PEREND;,unlocd;SORDAT;SORIND;,G,Point;Area;
17055,Communication area,待翻译,,,comare,COMCHA;SCAMIN;,catcom;STATUS;OBJNAM;NOBJNM;INFORM;NINFOM;PICREP;TXTDSC;DATSTA;DATEND;PERSTA;PEREND;,SORDAT;SORIND;,G,Area;
17056,Harbour basin,待翻译,,,hrbbsn,SCAMIN;,HORLEN;HORWID;OBJNAM;NOBJNM;INFORM;NINFOM;PICREP;TXTDSC;DATSTA;DATEND;PERSTA;PEREND;,unlocd;SORDAT;SORIND;,G,Area;
17057,Lock area,待翻译,,,lokare,comctn;NOBJNM;OBJNAM;STATUS;,INFORM;NINFOM;NTXTDS;PICREP;SCAMIN;TXTDSC;updmsg;,SORDAT;SORIND;,G,Area;
17058,Lock basin part,待翻译,,,lkbspt,horcll;horclw;SCAMIN;,HORLEN;HORWID;OBJNAM;NOBJNM;INFORM;NINFOM;PICREP;TXTDSC;DATSTA;DATEND;PERSTA;PEREND;,unlocd;SORDAT;SORIND;,G,Area;
17059,port area,待翻译,,,prtare,SCAMIN;,OBJNAM;NOBJNM;INFORM;NINFOM;PICREP;TXTDSC;DATSTA;DATEND;PERSTA;PEREND;,unlocd;SORDAT;SORIND;,G,Area;
17060,Beacon water-way,待翻译,,,bcnwtw,BCNSHP;catwwm;COLOUR;COLPAT;CONDTN;CONRAD;CONVIS;DATEND;DATSTA;dirimp;ELEVAT;HEIGHT;marsys;NATCON;NOBJNM;OBJNAM;PEREND;PERSTA;STATUS;VERACC;verdat;VERLEN;,INFORM;NINFOM;NTXTDS;PICREP;SCAMIN;TXTDSC;updmsg;,SORDAT;SORIND;,G,Point;
17061,Buoy water-way,待翻译,,,boywtw,BOYSHP;catwwm;COLOUR;COLPAT;CONDTN;CONRAD;CONVIS;DATEND;DATSTA;marsys;NATCON;NOBJNM;OBJNAM;PEREND;PERSTA;STATUS;VERLEN;,INFORM;NINFOM;NTXTDS;PICREP;SCAMIN;TXTDSC;updmsg;,SORDAT;SORIND;,G,Point;
17062,refuse dump,待翻译,,,refdmp,SCAMIN;,catrfd;OBJNAM;NOBJNM;INFORM;NINFOM;PICREP;TXTDSC;DATSTA;DATEND;PERSTA;PEREND;,SORDAT;SORIND;,G,Point;
17063,Route planning point,待翻译,,,rtplpt,NOBJNM;OBJNAM;,INFORM;NINFOM;NTXTDS;PICREP;SCAMIN;TXTDSC;updmsg;,SORDAT;SORIND;,G,Point;
17064,terminal,待翻译,,,termnl,cathaf;SCAMIN;,trshgd;OBJNAM;NOBJNM;INFORM;NINFOM;PICREP;TXTDSC;DATSTA;DATEND;PERSTA;PEREND;,unlocd;SORDAT;SORIND;,G,Point;Area;
17065,turning basin,待翻译,,,trnbsn,SCAMIN;,HORCLR;OBJNAM;NOBJNM;INFORM;NINFOM;PICREP;TXTDSC;DATSTA;DATEND;PERSTA;PEREND;,unlocd;SORDAT;SORIND;,G,Point;Area;
17066,Waterway area,待翻译,,,wtware,catccl;dirimp;SCAMIN;,OBJNAM;NOBJNM;INFORM;NINFOM;PICREP;TXTDSC;DATSTA;DATEND;PERSTA;PEREND;,unlocd;SORDAT;SORIND;,G,Area;
17067,Waterway gauge,待翻译,,,wtwgag,SCAMIN;,catgag;disipd;disipu;ELEVAT;higwat;hignam;lowwat;lownam;meawat;meanam;othwat;othnam;reflev;sdrlev;vcrlev;verdat;wtwdis;NOBJNM;INFORM;NINFOM;PICREP;TXTDSC;DATSTA;DATEND;PERSTA;PEREND;,unlocd;hunits;OBJNAM;SORDAT;SORIND;,G,Point;Area;
17068,Time Schedule - in general,待翻译,,,tisdge,cattab;schref;shptyp;useshp;,aptref;dirimp;,SORDAT;SORIND;,O,N
17069,Vehicle transfer,待翻译,,,vehtrf,catvtr;HEIGHT;SCAMIN;,verdat;OBJNAM;NOBJNM;INFORM;NINFOM;PICREP;TXTDSC;DATSTA;DATEND;PERSTA;PEREND;,unlocd;SORDAT;SORIND;,G,Point;Area;
17070,Exceptional navigation strcuture,待翻译,,,excnst,catexs;DRVAL1;verdat;wtwdis;SCAMIN;,OBJNAM;NOBJNM;INFORM;NINFOM;PICREP;TXTDSC;DATSTA;DATEND;PERSTA;PEREND;,unlocd;hunits;SORDAT;SORIND;,G,Point;Area;
18001,Maximum permitted ship dimensions,待翻译,,,lg_sdm,,lg_rel;lg_des;lc_csi;lc_cse;lc_asi;lc_ase;lc_cci;lc_cce;lg_bme;lg_lgs;lg_drt;lg_wdp;lg_wdu;DATSTA;DATEND;PERSTA;PEREND;lg_pbr;,SORDAT;SORIND;,G,Area;
18002,Maximum permitted vessel speed,待翻译,,,lg_vsp,,lg_rel;lg_des;lc_csi;lc_cse;lc_asi;lc_ase;lc_cci;lc_cce;lc_wd1;lc_wd2;lg_wdu;lg_spd;lg_spr;lc_bm1;lc_bm2;lc_lg1;lc_lg2;lc_dr1;lc_dr2;DATSTA;DATEND;PERSTA;PEREND;lg_pbr;,SORDAT;SORIND;,G,Area;
20484,ATS Route Centreline,待翻译,,,atsctl,AGENCY;airlev;atssta;atstyp;authty;comnam;CSCALE;elvacc;fqclas;HORACC;icaocd;identy;limitu;limitl;linech;minftl;maxftl;maxalt;minalt;NOBJNM;OBJNAM;ORIENT;PRCTRY;TRAFIC;VERACC;,INFORM;NINFOM;NTXTDS;PICREP;PUBREF;TXTDSC;SCAMIN;SCAMAX;,cpyrit;RECDAT;SORDAT;SORIND;seccvt;secido;secown;secpmk;,G,Point;Line;Area;
20485,Airspace Restriction,待翻译,,,airres,AGENCY;airlev;authty;catasr;cmfrq1;cmfrq2;comnam;CSCALE;efaltl;efaltu;elvacc;HORACC;HUNITS;icaocd;identy;linech;maxalt;maxftl;minalt;minftl;NOBJNM;OBJNAM;PRCTRY;VERACC;VERDAT;,INFORM;NINFOM;NTXTDS;PICREP;PUBREF;TXTDSC;SCAMAX;SCAMIN;,cpyrit;RECDAT;SORDAT;SORIND;seccvt;secido;secown;secpmk;,G,Point;Line;Area;
20486,Area of Imagery Coverage,待翻译,,,imgare,AGENCY;bearng;catimg;CSCALE;ELEVAT;elvacc;HORACC;HUNITS;orgntr;PRCTRY;SUREND;VERACC;VERDAT;,INFORM;NINFOM;NTXTDS;PICREP;PUBREF;TXTDSC;SCAMAX;SCAMIN;,cpyrit;RECDAT;SORDAT;SORIND;seccvt;secido;secown;secpmk;,G,Point;Line;Area;
20487,Beach Exit,待翻译,,,bchext,AGENCY;ccmidx;CSCALE;elvacc;exitus;gradnt;HORACC;HORCLR;HORLEN;HORWID;HUNITS;ORIENT;PRCTRY;VERACC;VERCSA;wbrcap;,INFORM;NINFOM;NTXTDS;PICREP;PUBREF;TXTDSC;SCAMAX;SCAMIN;,cpyrit;RECDAT;SORDAT;SORIND;seccvt;secido;secown;secpmk;,G,Point;Line;
20488,Beach Profile,待翻译,,,bchprf,AGENCY;bearng;CSCALE;elvacc;gradnt;HORACC;PRCTRY;SUREND;VERACC;,INFORM;NINFOM;NTXTDS;PICREP;PUBREF;TXTDSC;SCAMAX;SCAMIN;,cpyrit;RECDAT;SORDAT;SORIND;seccvt;secido;secown;secpmk;,G,Point;Line;Area;
20489,Beach Survey,待翻译,,,bchare,accres;AGENCY;brktyp;ccmidx;CSCALE;dgmrlf;elvacc;HORACC;HORLEN;HORWID;HUNITS;orgntr;PRCTRY;quabch;srfhgt;srfzne;stbacv;SUREND;SURSTA;swlhgt;tdlrng;tdltyp;VERACC;,INFORM;NINFOM;NTXTDS;PICREP;PUBREF;TXTDSC;SCAMAX;SCAMIN;,cpyrit;RECDAT;SORDAT;SORIND;seccvt;secido;secown;secpmk;,G,Point;Line;Area;
20491,Bottom Feature,待翻译,,,botmft,AGENCY;catbot;CSCALE;DUNITS;elvacc;gradnt;HORACC;HORLEN;HORWID;HUNITS;migspd;migdir;NOBJNM;OBJNAM;ORIENT;PRCTRY;soudat;stfotn;VALSOU;VERACC;VERLEN;WATLEV;wavlen;natsed;,INFORM;NINFOM;NTXTDS;PICREP;PUBREF;TXTDSC;SCAMAX;SCAMIN;,cpyrit;RECDAT;SORDAT;SORIND;seccvt;secido;secown;secpmk;,G,Point;Line;Area;
20494,Contact History,待翻译,,,histob,AGENCY;CSCALE;elvacc;HORACC;orgntr;PRCTRY;surdat;SUREND;VERACC;,INFORM;NINFOM;NTXTDS;PICREP;PUBREF;TXTDSC;SCAMAX;SCAMIN;,cpyrit;RECDAT;SORDAT;SORIND;seccvt;secido;secown;secpmk;,G,Point;Line;Area;
20495,Controlled Airspace,待翻译,,,ctlasp,AGENCY;airlev;authty;caircd;catcas;icaocd;identy;cmfrq1;cmfrq2;comnam;CSCALE;efaltl;efaltu;elvacc;HORACC;HUNITS;linech;maxalt;maxftl;minalt;minftl;NOBJNM;OBJNAM;PRCTRY;VERACC;VERDAT;,INFORM;NINFOM;NTXTDS;PICREP;PUBREF;TXTDSC;SCAMAX;SCAMIN;,cpyrit;RECDAT;SORDAT;SORIND;seccvt;secido;secown;secpmk;,G,Point;Line;Area;
20496,Diving Location,待翻译,,,divloc,AGENCY;CSCALE;depact;divact;DUNITS;elvacc;HORACC;NOBJNM;OBJNAM;PRCTRY;timeyr;VERACC;watclr;,INFORM;NINFOM;NTXTDS;PICREP;PUBREF;TXTDSC;SCAMAX;SCAMIN;,cpyrit;RECDAT;SORDAT;SORIND;seccvt;secido;secown;secpmk;,G,Point;Line;Area;
20498,Drop Zone,待翻译,,,drpzne,AGENCY;apprch;CSCALE;elvacc;extdes;HORACC;lndcon;NOBJNM;OBJNAM;PRCTRY;STATUS;VERACC;,INFORM;NINFOM;NTXTDS;PICREP;PUBREF;TXTDSC;SCAMAX;SCAMIN;,cpyrit;RECDAT;SORDAT;SORIND;seccvt;secido;secown;secpmk;,G,Point;Line;Area;
20499,Environmentally Sensitive Arae,待翻译,,,envare,authty;AGENCY;CSCALE;elvacc;HORACC;legsta;NOBJNM;OBJNAM;PEREND;PERSTA;PRCTRY;VERACC;,INFORM;NINFOM;NTXTDS;PICREP;PUBREF;TXTDSC;SCAMAX;SCAMIN;,cpyrit;RECDAT;SORDAT;SORIND;seccvt;secido;secown;secpmk;,G,Point;Line;Area;
20501,Impact Scour,待翻译,,,iscour,AGENCY;CSCALE;datfir;datlst;DUNITS;elvacc;gendep;HORACC;HORLEN;HORWID;HUNITS;NATQUA;NATSUR;NOBJNM;OBJNAM;orcard;ORIENT;QUASOU;PRCTRY;senfir;senlst;sonsig;sorfir;sorlst;SOUACC;soudat;STATUS;TECSOU;VALSOU;VERACC;VERLEN;WATLEV;,INFORM;NINFOM;NTXTDS;PICREP;PUBREF;TXTDSC;SCAMAX;SCAMIN;,cpyrit;RECDAT;SORDAT;SORIND;seccvt;secido;secown;secpmk;,G,Point;Line;Area;
20502,Landing Area,待翻译,,,lngare,AGENCY;apprch;CSCALE;elvacc;extdes;HORACC;lndcon;NOBJNM;OBJNAM;PRCTRY;STATUS;VERACC;,INFORM;NINFOM;NTXTDS;PICREP;PUBREF;TXTDSC;SCAMAX;SCAMIN;,cpyrit;RECDAT;SORDAT;SORIND;seccvt;secido;secown;secpmk;,G,Point;Line;Area;
20503,Landing Place,待翻译,,,lndplc,AGENCY;CSCALE;elvacc;gradnt;HORACC;PRCTRY;STATUS;VERACC;wbrcap;,INFORM;NINFOM;NTXTDS;PICREP;PUBREF;TXTDSC;SCAMAX;SCAMIN;,cpyrit;RECDAT;SORDAT;SORIND;seccvt;secido;secown;secpmk;,G,Point;Line;Area;
20504,Landing Point,待翻译,,,lndpnt,AGENCY;apprch;CSCALE;elvacc;extdes;HORACC;lndcon;NOBJNM;OBJNAM;PRCTRY;STATUS;VERACC;,INFORM;NINFOM;NTXTDS;PICREP;PUBREF;TXTDSC;SCAMAX;SCAMIN;,cpyrit;RECDAT;SORDAT;SORIND;seccvt;secido;secown;secpmk;,G,Point;Line;Area;
20505,Landing Site,待翻译,,,lndste,AGENCY;apprch;CSCALE;elvacc;extdes;HORACC;lndcon;NOBJNM;OBJNAM;PRCTRY;STATUS;VERACC;,INFORM;NINFOM;NTXTDS;PICREP;PUBREF;TXTDSC;SCAMAX;SCAMIN;,cpyrit;RECDAT;SORDAT;SORIND;seccvt;secido;secown;secpmk;,G,Point;Line;Area;
20506,Landing Strip,待翻译,,,lndstp,AGENCY;apprch;CSCALE;elvacc;extdes;HORACC;lndcon;NOBJNM;OBJNAM;PRCTRY;STATUS;VERACC;,INFORM;NINFOM;NTXTDS;PICREP;PUBREF;TXTDSC;SCAMAX;SCAMIN;,cpyrit;RECDAT;SORDAT;SORIND;seccvt;secido;secown;secpmk;,G,Point;Line;Area;
20507,Landing Zone,待翻译,,,lndzne,AGENCY;apprch;CSCALE;elvacc;extdes;HORACC;lndcon;NOBJNM;OBJNAM;PRCTRY;STATUS;VERACC;,INFORM;NINFOM;NTXTDS;PICREP;PUBREF;TXTDSC;SCAMAX;SCAMIN;,cpyrit;RECDAT;SORDAT;SORIND;seccvt;secido;secown;secpmk;,G,Point;Line;Area;
20508,Marine management area,待翻译,,,marman,actper;AGENCY;authty;catmma;CSCALE;elvacc;HORACC;identy;linech;NATION;NOBJNM;OBJNAM;PRCTRY;spcies;STATUS;VERACC;conscr;glogrd;iuccat;spcgrp;PEREND;PERSTA;,INFORM;NINFOM;NTXTDS;PICREP;PUBREF;TXTDSC;SCAMAX;SCAMIN;,cpyrit;RECDAT;SORDAT;SORIND;seccvt;secido;secown;secpmk;,G,Point;Line;Area;
20509,Maritime Safety Information area,待翻译,,,msiare,AGENCY;catmsi;condet;CSCALE;elvacc;HORACC;NATION;NOBJNM;OBJNAM;PRCTRY;VERACC;,INFORM;NINFOM;NTXTDS;PICREP;PUBREF;TXTDSC;SCAMAX;SCAMIN;,cpyrit;RECDAT;seccvt;secido;secown;secpmk;SORDAT;SORIND;,G,Point;Line;Area;
20510,MCM Area,待翻译,,,mcmare,AGENCY;CSCALE;elvacc;HORACC;mhclas;milden;nomden;PRCTRY;VERACC;,INFORM;NINFOM;NTXTDS;PICREP;PUBREF;TXTDSC;SCAMAX;SCAMIN;,cpyrit;RECDAT;SORDAT;SORIND;seccvt;secido;secown;secpmk;,G,Point;Line;Area;
20511,Military exercise airspace,待翻译,,,mexasp,actper;AGENCY;airlev;authty;catmea;cmfrq1;cmfrq2;comnam;CSCALE;efaltl;efaltu;elvacc;HORACC;HUNITS;icaocd;identy;linech;maxalt;maxftl;minalt;minftl;NOBJNM;OBJNAM;PRCTRY;VERACC;VERDAT;,INFORM;NINFOM;NTXTDS;PICREP;PUBREF;TXTDSC;SCAMAX;SCAMIN;,cpyrit;RECDAT;SORDAT;SORIND;seccvt;secido;secown;secpmk;,G,Point;Line;Area;
20513,Patrol area,待翻译,,,patare,AGENCY;authty;catpat;CSCALE;elvacc;HORACC;identy;linech;NATION;NOBJNM;OBJNAM;PRCTRY;STATUS;VERACC;,INFORM;NINFOM;NTXTDS;PICREP;PUBREF;TXTDSC;SCAMAX;SCAMIN;,cpyrit;RECDAT;SORDAT;SORIND;seccvt;secido;secown;secpmk;,G,Point;Line;Area;
20514,Q-Route Leg,待翻译,,,qroute,actper;AGENCY;CSCALE;dnbear;elvacc;HORACC;HUNITS;lftwid;NATION;NOBJNM;OBJNAM;PRCTRY;rclass;rgtwid;STATUS;TRAFIC;upbear;VERACC;HORLEN;,INFORM;NINFOM;NTXTDS;PICREP;PUBREF;TXTDSC;SCAMAX;SCAMIN;,cpyrit;RECDAT;SORDAT;SORIND;seccvt;secido;secown;secpmk;,G,Point;Line;Area;
20515,Radio broadcast area,待翻译,,,rdoare,AGENCY;CSCALE;elvacc;HORACC;NOBJNM;OBJNAM;PRCTRY;VERACC;,INFORM;NINFOM;NTXTDS;PICREP;PUBREF;TXTDSC;SCAMAX;SCAMIN;,cpyrit;RECDAT;seccvt;secido;secown;secpmk;SORDAT;SORIND;,G,Point;Line;Area;
20517,Geological Layer,待翻译,,,sedlay,AGENCY;attutn;bulkdn;COLOUR;CSCALE;deplyr;dttdep;dttnum;DUNITS;elvacc;gascon;grnsiz;hfbmls;HORACC;laynum;lfbmls;mgstyp;migspd;migdir;msstrg;natsed;NATQUA;porsty;PRCTRY;reflco;revebn;revfqy;revgan;samret;sndvel;snrflc;soudat;VERACC;WATLEV;wbrcap;HUNITS;,INFORM;NINFOM;NTXTDS;PICREP;PUBREF;TXTDSC;SCAMAX;SCAMIN;,cpyrit;RECDAT;SORDAT;SORIND;seccvt;secido;secown;secpmk;,G,Point;Line;Area;
20518,Seismic Activity Area,待翻译,,,seiare,AGENCY;bearng;CSCALE;elvacc;HORACC;PRCTRY;ricsca;VERACC;,INFORM;NINFOM;NTXTDS;PICREP;PUBREF;TXTDSC;SCAMAX;SCAMIN;,SORDAT;SORIND;cpyrit;RECDAT;seccvt;secido;secown;secpmk;,G,Point;Line;Area;
20519,Sensor Anomaly,待翻译,,,senanm,AGENCY;CSCALE;datfir;datlst;DUNITS;elvacc;gendep;HORACC;HUNITS;madsig;magany;magint;NOBJNM;OBJNAM;orcard;ORIENT;PRCTRY;QUASOU;scrdim;senfir;senlst;sonsig;sorfir;sorlst;soudat;SOUACC;STATUS;TECSOU;VALSOU;VERACC;WATLEV;,INFORM;NINFOM;NTXTDS;PICREP;PUBREF;TXTDSC;SCAMAX;SCAMIN;,cpyrit;RECDAT;SORDAT;SORIND;seccvt;secido;secown;secpmk;,G,Point;Line;Area;
20520,Shelter Location,待翻译,,,shlloc,AGENCY;CSCALE;elvacc;HORACC;NOBJNM;OBJNAM;PRCTRY;STATUS;VERACC;,INFORM;NINFOM;NTXTDS;PICREP;PUBREF;TXTDSC;SCAMAX;SCAMIN;,cpyrit;RECDAT;SORDAT;SORIND;seccvt;secido;secown;secpmk;,G,Point;Line;Area;
20522,Trafficability area,待翻译,,,trfare,AGENCY;cattrf;CSCALE;elvacc;HORACC;PRCTRY;VERACC;,INFORM;NINFOM;NTXTDS;PICREP;PUBREF;TXTDSC;SCAMAX;SCAMIN;,cpyrit;RECDAT;SORDAT;SORIND;seccvt;secido;secown;secpmk;,G,Point;Line;Area;
20524,turning point,待翻译,,,turnpt,AGENCY;CSCALE;elvacc;HORACC;NOBJNM;OBJNAM;PRCTRY;VERACC;,INFORM;NINFOM;NTXTDS;PICREP;PUBREF;TXTDSC;SCAMAX;SCAMIN;,cpyrit;RECDAT;SORDAT;SORIND;seccvt;secido;secown;secpmk;,G,Point;Line;Area;
20525,viewpoint,待翻译,,,viewpt,AGENCY;bearng;catimg;CSCALE;discon;ELEVAT;elvacc;HORACC;HUNITS;PRCTRY;shpspd;snrrsc;snrfrq;twdbdp;VERACC;VERDAT;DUNITS;,INFORM;NINFOM;NTXTDS;PICREP;PUBREF;TXTDSC;SCAMAX;SCAMIN;,cpyrit;RECDAT;SORDAT;SORIND;seccvt;secido;secown;secpmk;,G,Point;Line;Area;
20526,Bottom Tactical Data Area,待翻译,,,btdare,AGENCY;CSCALE;elvacc;HORACC;mntden;PRCTRY;undmnr;umnrwb;umrwob;VERACC;,INFORM;NINFOM;NTXTDS;PICREP;PUBREF;TXTDSC;SCAMAX;SCAMIN;,cpyrit;RECDAT;SORDAT;SORIND;seccvt;secido;secown;secpmk;,G,Point;Line;Area;
20527,Burial Probability Area,待翻译,,,bprare,AGENCY;brmchm;brperd;brprob;CSCALE;elvacc;HORACC;PRCTRY;tgrfwt;VERACC;,INFORM;NINFOM;NTXTDS;PICREP;PUBREF;TXTDSC;SCAMAX;SCAMIN;,cpyrit;RECDAT;SORDAT;SORIND;seccvt;secido;secown;secpmk;,G,Point;Line;Area;
20528,Leisure Activity Area,待翻译,,,lsrare,AGENCY;CSCALE;elvacc;HORACC;lsract;PRCTRY;timeyr;VERACC;,INFORM;NINFOM;NTXTDS;PICREP;PUBREF;TXTDSC;SCAMAX;SCAMIN;,cpyrit;RECDAT;SORDAT;SORIND;seccvt;secido;secown;secpmk;,G,Point;Line;Area;
20529,Perfomance Data area,待翻译,,,pfdare,AGENCY;clperc;clprob;CSCALE;csprob;cswidt;dsprob;dtprob;elvacc;HORACC;PRCTRY;VERACC;,INFORM;NINFOM;NTXTDS;PICREP;PUBREF;TXTDSC;SCAMAX;SCAMIN;,cpyrit;RECDAT;SORDAT;SORIND;seccvt;secido;secown;secpmk;,G,Point;Line;Area;
20530,Resource Location,待翻译,,,resloc,AGENCY;CSCALE;elvacc;HORACC;PRCTRY;STATUS;typres;VERACC;,INFORM;NINFOM;NTXTDS;PICREP;PUBREF;TXTDSC;SCAMAX;SCAMIN;,cpyrit;RECDAT;SORDAT;SORIND;seccvt;secido;secown;secpmk;,G,Point;Line;Area;
20531,Risk Data Area,待翻译,,,rkdare,AGENCY;conlev;CSCALE;elvacc;HORACC;numrmn;prbrmn;PRCTRY;rmnlmn;sminth;VERACC;znecol;,INFORM;NINFOM;NTXTDS;PICREP;PUBREF;TXTDSC;SCAMAX;SCAMIN;,cpyrit;RECDAT;SORDAT;SORIND;seccvt;secido;secown;secpmk;,G,Point;Line;Area;
20532,Navigation system (NAVAID),待翻译,,,navaid,actper;AGENCY;CALSGN;CATROS;COMCHA;CSCALE;ELEVAT;elvacc;HORACC;icaocd;identy;navcha;navfrq;navsta;NOBJNM;OBJNAM;PRCTRY;SIGFRQ;VERACC;VALNMR;HUNITS;,INFORM;NINFOM;NTXTDS;PICREP;PUBREF;TXTDSC;SCAMAX;SCAMIN;,cpyrit;RECDAT;SORDAT;SORIND;seccvt;secido;secown;secpmk;,G,Point;Line;Area;
20533,Internal Waters Area,待翻译,,,intwtr,AGENCY;CSCALE;elvacc;HORACC;linech;NATION;PRCTRY;RESTRN;STATUS;VERACC;,INFORM;NINFOM;NTXTDS;PICREP;PUBREF;TXTDSC;SCAMAX;SCAMIN;,cpyrit;RECDAT;SORDAT;SORIND;seccvt;secido;secown;secpmk;,G,Point;Line;Area;
20544,Traffic route,待翻译,,,tfcrte,AGENCY;CSCALE;elvacc;HORACC;linech;NOBJNM;OBJNAM;PEREND;PERSTA;PRCTRY;traden;TRAFIC;typshp;VERACC;,INFORM;NINFOM;NTXTDS;PICREP;PUBREF;TXTDSC;SCAMAX;SCAMIN;,cpyrit;RECDAT;seccvt;secido;secown;secpmk;SORDAT;SORIND;,G,Point;Line;Area;
20717,User defined,待翻译,,,u_defd,AGENCY;CSCALE;elvacc;HORACC;PRCTRY;txtdes;VERACC;,INFORM;NINFOM;NTXTDS;PICREP;PUBREF;TXTDSC;SCAMAX;SCAMIN;,cpyrit;RECDAT;SORDAT;SORIND;seccvt;secido;secown;secpmk;,G,Point;Line;Area;
20718,Small bottom object,待翻译,,,smalbo,AGENCY;blndzn;brmchm;brpctg;COLOUR;comsys;CSCALE;datfir;datlst;DUNITS;elvacc;gendep;HORACC;HORLEN;HORWID;HUNITS;incltn;layptm;layrfn;laytim;madsig;magany;magint;minern;miscls;miscom;misdat;misnme;mnhsys;mnimnc;mnimnt;mnssys;mulcon;mwdcrn;NATCON;scrdim;senfir;senlst;navsys;notfnd;nmprob;objshp;orgdat;ORIENT;PRCTRY;snrflc;soudat;staobj;unwrfm;onsonr;tarstg;objtrn;orbobn;VALSOU;VERACC;VERLEN;orgntr;QUASOU;surdat;SUREND;TECSOU;,INFORM;NINFOM;NTXTDS;PICREP;PUBREF;TXTDSC;SCAMAX;SCAMIN;,cpyrit;RECDAT;SORDAT;SORIND;seccvt;secido;secown;secpmk;,G,Point;Line;Area;
21484,Completeness for the product specification,待翻译,,,m_conf,AGENCY;catcnf;CSCALE;elvacc;HORACC;PRCTRY;VERACC;,INFORM;NINFOM;NTXTDS;PICREP;PUBREF;TXTDSC;SCAMAX;SCAMIN;,cpyrit;RECDAT;SORDAT;SORIND;seccvt;secido;secown;secpmk;,M,Point;Line;Area;
21485,Security Classification Information,待翻译,,,m_clas,AGENCY;CSCALE;elvacc;HORACC;PRCTRY;VERACC;,INFORM;NINFOM;NTXTDS;PICREP;PUBREF;SCAMIN;SCAMAX;TXTDSC;,cpyrit;RECDAT;seccvt;secido;secown;secpmk;SORDAT;SORIND;,M,Point;Line;Area;
21486,Vertical datum shift area,待翻译,,,m_vers,AGENCY;CSCALE;elvacc;HORACC;PRCTRY;VERACC;vershf;,INFORM;NINFOM;NTXTDS;PICREP;PUBREF;TXTDSC;SCAMAX;SCAMIN;,cpyrit;RECDAT;SORDAT;SORIND;seccvt;secido;secown;secpmk;,M,Point;Line;Area;
21487,Defined Straight Lines,待翻译,,,m_line,AGENCY;CSCALE;elvacc;HORACC;PRCTRY;VERACC;linech;,INFORM;NINFOM;NTXTDS;PICREP;PUBREF;SCAMIN;SCAMAX;TXTDSC;,cpyrit;RECDAT;seccvt;secido;secown;secpmk;SORDAT;SORIND;,M,Point;Line;Area;
21488,Scour,待翻译,,,scours,AGENCY;CSCALE;elvacc;HORACC;PRCTRY;VERACC;HUNITS;HORWID;ORIENT;catscr;,INFORM;NINFOM;NTXTDS;PICREP;PUBREF;SCAMIN;SCAMAX;TXTDSC;,cpyrit;RECDAT;seccvt;secido;secown;secpmk;SORDAT;SORIND;,G,Point;Line;Area;
21489,Diver Report Location,待翻译,,,divrpt,AGENCY;CSCALE;elvacc;HORACC;PRCTRY;VERACC;surdat;VALSOU;DUNITS;NATSUR;revebn;watclr;tstrdr;tstrve;dttdep;dttnum;mhclas;NATQUA;,INFORM;NINFOM;NTXTDS;PICREP;PUBREF;SCAMIN;SCAMAX;TXTDSC;,cpyrit;RECDAT;seccvt;secido;secown;secpmk;SORDAT;SORIND;,G,Point;Line;Area;
30300,Sea Ice,待翻译,,,SEAICE,AGENCY;CSCALE;elvacc;ICEACT;ICEAPC;ICEFLZ;ICESPC;ICELVL;ICECST;ICEFTY;ICEDSP;ICEDDR;ICERCN;ICERFQ;ICERMH;ICERXH;ICERDV;ICEKCN;ICEKFQ;ICEKMD;ICEKXD;ICEFCN;ICEMAX;ICEMIN;ICETTY;ICEMLT;ICESCN;ICESCT;ICESOD;ICETCK;ICEDOS;ICELST;ICELFQ;ICELOR;ICELWD;NOBJNM;OBJNAM;PRCTRY;VERACC;HORACC;,INFORM;NINFOM;NTXTDS;PICREP;PUBREF;TXTDSC;SCAMAX;SCAMIN;,cpyrit;RECDAT;SORDAT;SORIND;seccvt;secido;secown;secpmk;,G,Point;Line;Area;
30301,Lake Ice,待翻译,,,LACICE,AGENCY;CSCALE;elvacc;ICEACT;ICEAPC;ICELSO;ICEFLZ;ICESPC;ICELVL;ICECST;ICEFTY;ICEDSP;ICEDDR;ICERCN;ICERFQ;ICERMH;ICERXH;ICERDV;ICEKCN;ICEKFQ;ICEKMD;ICEKXD;ICEFCN;ICETCK;ICEMAX;ICEMIN;ICETTY;ICEMLT;ICESCN;ICESCT;ICEDOS;ICELST;ICELFQ;ICELOR;ICELWD;NOBJNM;OBJNAM;PRCTRY;VERACC;HORACC;,INFORM;NINFOM;NTXTDS;PICREP;PUBREF;TXTDSC;SCAMAX;SCAMIN;,cpyrit;RECDAT;SORDAT;SORIND;seccvt;secido;secown;secpmk;,G,Point;Line;Area;
30302,Iceberg Area,待翻译,,,BRGARE,AGENCY;CSCALE;elvacc;HORACC;ICEBNM;NOBJNM;OBJNAM;PRCTRY;VERACC;,INFORM;NINFOM;NTXTDS;PICREP;PUBREF;TXTDSC;SCAMAX;SCAMIN;,cpyrit;RECDAT;SORDAT;SORIND;seccvt;secido;secown;secpmk;,G,Point;Line;Area;
30303,Ice Edge,待翻译,,,ICELNE,AGENCY;CSCALE;elvacc;HORACC;NOBJNM;OBJNAM;PRCTRY;VERACC;,INFORM;NINFOM;NTXTDS;PICREP;PUBREF;TXTDSC;SCAMAX;SCAMIN;,cpyrit;RECDAT;SORDAT;SORIND;seccvt;secido;secown;secpmk;,G,Point;Line;Area;
30304,Iceberg Limit,待翻译,,,BRGLNE,AGENCY;CSCALE;elvacc;HORACC;NOBJNM;OBJNAM;PRCTRY;VERACC;,INFORM;NINFOM;NTXTDS;PICREP;PUBREF;TXTDSC;SCAMAX;SCAMIN;,cpyrit;RECDAT;SORDAT;SORIND;seccvt;secido;secown;secpmk;,G,Point;Line;Area;
30305,Limit of Open Water,待翻译,,,OPNLNE,AGENCY;CSCALE;elvacc;HORACC;NOBJNM;OBJNAM;PRCTRY;VERACC;,INFORM;NINFOM;NTXTDS;PICREP;PUBREF;TXTDSC;SCAMAX;SCAMIN;,cpyrit;RECDAT;SORDAT;SORIND;seccvt;secido;secown;secpmk;,G,Point;Line;Area;
30306,Limit of All Known Ice,待翻译,,,LKILNE,AGENCY;CSCALE;elvacc;HORACC;NOBJNM;OBJNAM;PRCTRY;VERACC;,INFORM;NINFOM;NTXTDS;PICREP;PUBREF;TXTDSC;SCAMAX;SCAMIN;,cpyrit;RECDAT;SORDAT;SORIND;seccvt;secido;secown;secpmk;,G,Point;Line;Area;
30307,Ice Compacting,待翻译,,,ICECOM,AGENCY;CSCALE;elvacc;HORACC;ICECST;NOBJNM;OBJNAM;PRCTRY;VERACC;,INFORM;NINFOM;NTXTDS;PICREP;PUBREF;TXTDSC;SCAMAX;SCAMIN;,cpyrit;RECDAT;SORDAT;SORIND;seccvt;secido;secown;secpmk;,G,Point;Line;Area;
30308,Ice Lead,待翻译,,,ICELEA,AGENCY;CSCALE;elvacc;HORACC;ICELOC;ICELST;ICELWD;NOBJNM;OBJNAM;PRCTRY;VERACC;,INFORM;NINFOM;NTXTDS;PICREP;PUBREF;TXTDSC;SCAMAX;SCAMIN;,cpyrit;RECDAT;SORDAT;SORIND;seccvt;secido;secown;secpmk;,G,Point;Line;Area;
30309,Iceberg,待翻译,,,ICEBRG,AGENCY;CSCALE;elvacc;HORACC;ICEBSZ;ICEDSP;ICEDDR;NOBJNM;OBJNAM;PRCTRY;VERACC;,INFORM;NINFOM;NTXTDS;PICREP;PUBREF;TXTDSC;SCAMAX;SCAMIN;,cpyrit;RECDAT;SORDAT;SORIND;seccvt;secido;secown;secpmk;,G,Point;Line;Area;
30310,Floeberg,待翻译,,,FLOBRG,AGENCY;CSCALE;elvacc;HORACC;ICEDSP;ICEDDR;NOBJNM;OBJNAM;PRCTRY;VERACC;,INFORM;NINFOM;NTXTDS;PICREP;PUBREF;TXTDSC;SCAMAX;SCAMIN;,cpyrit;RECDAT;SORDAT;SORIND;seccvt;secido;secown;secpmk;,G,Point;Line;Area;
30311,Ice Thickness,待翻译,,,ICETHK,AGENCY;CSCALE;elvacc;HORACC;ICETCK;ICEMAX;ICEMIN;ICETTY;NOBJNM;OBJNAM;PRCTRY;VERACC;,INFORM;NINFOM;NTXTDS;PICREP;PUBREF;TXTDSC;SCAMAX;SCAMIN;,cpyrit;RECDAT;SORDAT;SORIND;seccvt;secido;secown;secpmk;,G,Point;Line;Area;
30312,Ice Shear,待翻译,,,ICESHR,AGENCY;CSCALE;elvacc;HORACC;NOBJNM;OBJNAM;PRCTRY;VERACC;,INFORM;NINFOM;NTXTDS;PICREP;PUBREF;TXTDSC;SCAMAX;SCAMIN;,cpyrit;RECDAT;SORDAT;SORIND;seccvt;secido;secown;secpmk;,G,Point;Line;Area;
30313,Ice Divergence,待翻译,,,ICEDIV,AGENCY;CSCALE;elvacc;HORACC;NOBJNM;OBJNAM;PRCTRY;VERACC;,INFORM;NINFOM;NTXTDS;PICREP;PUBREF;TXTDSC;SCAMAX;SCAMIN;,cpyrit;RECDAT;SORDAT;SORIND;seccvt;secido;secown;secpmk;,G,Point;Line;Area;
30314,Ice Ridge/Hummoc,待翻译,,,ICERDG,AGENCY;CSCALE;elvacc;HORACC;ICERCN;ICERFQ;ICERMH;ICERXH;ICERDV;NOBJNM;OBJNAM;PRCTRY;VERACC;,INFORM;NINFOM;NTXTDS;PICREP;PUBREF;TXTDSC;SCAMAX;SCAMIN;,cpyrit;RECDAT;SORDAT;SORIND;seccvt;secido;secown;secpmk;,G,Point;Line;Area;
30315,Ice Keel/Bummock,待翻译,,,ICEKEL,AGENCY;CSCALE;elvacc;HORACC;ICEKCN;ICEKFQ;ICEKMD;ICEKXD;NOBJNM;OBJNAM;PRCTRY;VERACC;,INFORM;NINFOM;NTXTDS;PICREP;PUBREF;TXTDSC;SCAMAX;SCAMIN;,cpyrit;RECDAT;SORDAT;SORIND;seccvt;secido;secown;secpmk;,G,Point;Line;Area;
30316,Ice Drift,待翻译,,,ICEDFT,AGENCY;CSCALE;elvacc;HORACC;ICEDSP;ICEDDR;NOBJNM;OBJNAM;PRCTRY;VERACC;,INFORM;NINFOM;NTXTDS;PICREP;PUBREF;TXTDSC;SCAMAX;SCAMIN;,cpyrit;RECDAT;SORDAT;SORIND;seccvt;secido;secown;secpmk;,G,Point;Line;Area;
30317,Ice Fracture,待翻译,,,ICEFRA,AGENCY;CSCALE;elvacc;HORACC;ICEFTY;ICELOC;NOBJNM;OBJNAM;PRCTRY;VERACC;,INFORM;NINFOM;NTXTDS;PICREP;PUBREF;TXTDSC;SCAMAX;SCAMIN;,cpyrit;RECDAT;SORDAT;SORIND;seccvt;secido;secown;secpmk;,G,Point;Line;Area;
30318,Ice Rafting,待翻译,,,ICERFT,AGENCY;CSCALE;elvacc;HORACC;ICEFCN;NOBJNM;OBJNAM;PRCTRY;VERACC;,INFORM;NINFOM;NTXTDS;PICREP;PUBREF;TXTDSC;SCAMAX;SCAMIN;,cpyrit;RECDAT;SORDAT;SORIND;seccvt;secido;secown;secpmk;,G,Point;Line;Area;
30319,Jammed Brash Barrier,待翻译,,,JMDBRR,AGENCY;CSCALE;elvacc;HORACC;NOBJNM;OBJNAM;PRCTRY;VERACC;,INFORM;NINFOM;NTXTDS;PICREP;PUBREF;TXTDSC;SCAMAX;SCAMIN;,cpyrit;RECDAT;SORDAT;SORIND;seccvt;secido;secown;secpmk;,G,Point;Line;Area;
30320,Stage of Melt,待翻译,,,STGMLT,AGENCY;CSCALE;elvacc;HORACC;ICEMLT;NOBJNM;OBJNAM;PRCTRY;VERACC;,INFORM;NINFOM;NTXTDS;PICREP;PUBREF;TXTDSC;SCAMAX;SCAMIN;,cpyrit;RECDAT;SORDAT;SORIND;seccvt;secido;secown;secpmk;,G,Point;Line;Area;
30321,Snow Cover,待翻译,,,SNWCVR,AGENCY;CSCALE;elvacc;HORACC;ICESCN;ICESCT;ICEDOS;NOBJNM;OBJNAM;PRCTRY;VERACC;,INFORM;NINFOM;NTXTDS;PICREP;PUBREF;TXTDSC;SCAMAX;SCAMIN;,cpyrit;RECDAT;SORDAT;SORIND;seccvt;secido;secown;secpmk;,G,Point;Line;Area;
30322,Strips and Patches,待翻译,,,STRPTC,AGENCY;CSCALE;elvacc;HORACC;ICESPC;NOBJNM;OBJNAM;PRCTRY;VERACC;,INFORM;NINFOM;NTXTDS;PICREP;PUBREF;TXTDSC;SCAMAX;SCAMIN;,cpyrit;RECDAT;SORDAT;SORIND;seccvt;secido;secown;secpmk;,G,Point;Line;Area;
40101,General boundary line,待翻译,,,boundg,AGENCY;catbdg;CSCALE;bndsty;elvacc;HORACC;JRSDTN;NATION;PRCTRY;RESTRN;STATUS;useopr;VERACC;,INFORM;NINFOM;NTXTDS;PICREP;PUBREF;TXTDSC;SCAMAX;SCAMIN;,cpyrit;RECDAT;SORDAT;SORIND;seccvt;secido;secown;secpmk;,G,Point;Line;Area;
40104,Ferry Site,待翻译,,,ferrys,AGENCY;CSCALE;elvacc;HORACC;PRCTRY;VERACC;CONDTN;NOBJNM;OBJNAM;STATUS;,INFORM;NINFOM;NTXTDS;PICREP;PUBREF;SCAMIN;SCAMAX;TXTDSC;,cpyrit;RECDAT;seccvt;secido;secown;secpmk;SORDAT;SORIND;,G,Point;Line;Area;
40105,Geophysical prospection grid,待翻译,,,geophg,AGENCY;CSCALE;elvacc;HORACC;NOBJNM;OBJNAM;PRCTRY;VERACC;,INFORM;NINFOM;NTXTDS;PICREP;PUBREF;TXTDSC;SCAMAX;SCAMIN;,cpyrit;RECDAT;SORDAT;SORIND;seccvt;secido;secown;secpmk;,G,Point;Line;Area;
40106,Inland shoreline,待翻译,,,inlsho,AGENCY;CATCOA;COLOUR;CONRAD;CONVIS;CSCALE;ELEVAT;elvacc;HORACC;HUNITS;NOBJNM;OBJNAM;PRCTRY;VERACC;VERDAT;,INFORM;NINFOM;NTXTDS;PICREP;PUBREF;TXTDSC;SCAMAX;SCAMIN;,cpyrit;RECDAT;SORDAT;SORIND;seccvt;secido;secown;secpmk;,G,Point;Line;Area;
40115,Shed / hut,待翻译,,,shedht,AGENCY;catsht;CSCALE;elvacc;HORACC;NOBJNM;OBJNAM;PRCTRY;VERACC;STATUS;CONDTN;,INFORM;NINFOM;NTXTDS;PICREP;PUBREF;TXTDSC;SCAMAX;SCAMIN;,cpyrit;RECDAT;SORDAT;SORIND;seccvt;secido;secown;secpmk;,G,Point;Line;Area;
40117,Treatment area,待翻译,,,treata,AGENCY;cattra;CONDTN;CSCALE;elvacc;HORACC;NOBJNM;OBJNAM;PRCTRY;STATUS;VERACC;,INFORM;NINFOM;NTXTDS;PICREP;PUBREF;TXTDSC;SCAMAX;SCAMIN;,cpyrit;RECDAT;SORDAT;SORIND;seccvt;secido;secown;secpmk;,G,Point;Line;Area;
40118,Water objects,待翻译,,,watero,AGENCY;catwto;CURVEL;CSCALE;DRVAL1;DRVAL2;elvacc;HORACC;HORWID;NOBJNM;OBJNAM;PRCTRY;STATUS;VERACC;CONDTN;HUNITS;,INFORM;NINFOM;NTXTDS;PICREP;PUBREF;TXTDSC;SCAMAX;SCAMIN;,cpyrit;RECDAT;SORDAT;SORIND;seccvt;secido;secown;secpmk;,G,Point;Line;Area;
40119,Built-up area text,待翻译,,,txtbua,AGENCY;CATBUA;CSCALE;elvacc;HORACC;NOBJNM;OBJNAM;PRCTRY;VERACC;,INFORM;NINFOM;NTXTDS;PICREP;PUBREF;TXTDSC;SCAMAX;SCAMIN;,cpyrit;RECDAT;SORDAT;SORIND;seccvt;secido;secown;secpmk;,G,Point;Line;Area;
40121,Apron / Hardstand,待翻译,,,aprhst,AGENCY;CONDTN;CSCALE;elvacc;HORACC;NATCON;NOBJNM;OBJNAM;PRCTRY;STATUS;VERACC;,INFORM;NINFOM;NTXTDS;PICREP;PUBREF;TXTDSC;SCAMAX;SCAMIN;,cpyrit;RECDAT;SORDAT;SORIND;seccvt;secido;secown;secpmk;,G,Point;Line;Area;
40122,Research facility,待翻译,,,resfac,AGENCY;catres;CONDTN;CSCALE;elvacc;HORACC;NOBJNM;OBJNAM;PRCTRY;VERACC;STATUS;,INFORM;NINFOM;NTXTDS;PICREP;PUBREF;TXTDSC;SCAMAX;SCAMIN;,cpyrit;RECDAT;SORDAT;SORIND;seccvt;secido;secown;secpmk;,G,Point;Line;Area;
40123,Transport facility,待翻译,,,trpfac,AGENCY;catrpf;CONDTN;CSCALE;elvacc;HORACC;NOBJNM;OBJNAM;PRCTRY;STATUS;VERACC;,INFORM;NINFOM;NTXTDS;PICREP;PUBREF;TXTDSC;SCAMAX;SCAMIN;,cpyrit;RECDAT;SORDAT;SORIND;seccvt;secido;secown;secpmk;,G,Point;Line;Area;
40124,Water treatment site,待翻译,,,watste,AGENCY;CSCALE;elvacc;HORACC;NOBJNM;OBJNAM;PRCTRY;VERACC;CONDTN;STATUS;,INFORM;NINFOM;NTXTDS;PICREP;PUBREF;TXTDSC;SCAMAX;SCAMIN;,cpyrit;RECDAT;SORDAT;SORIND;seccvt;secido;secown;secpmk;,G,Point;Line;Area;
40125,Waste disposal/treatment site,待翻译,,,wstdsp,AGENCY;catwds;CONDTN;CSCALE;elvacc;HORACC;NOBJNM;OBJNAM;PRCTRY;STATUS;VERACC;,INFORM;NINFOM;NTXTDS;PICREP;PUBREF;TXTDSC;SCAMAX;SCAMIN;,cpyrit;RECDAT;SORDAT;SORIND;seccvt;secido;secown;secpmk;,G,Point;Line;Area;
40126,Air Waypoint,待翻译,,,awaypt,AGENCY;CSCALE;elvacc;HORACC;icaocd;identy;NOBJNM;OBJNAM;PRCTRY;STATUS;VERACC;,INFORM;NINFOM;NTXTDS;PICREP;PUBREF;TXTDSC;SCAMAX;SCAMIN;,cpyrit;RECDAT;SORDAT;SORIND;seccvt;secido;secown;secpmk;,G,Point;Line;Area;
